donem,plaka,il,olumlu_yaralanmali_kaza,maddi_hasarli_kaza,olu,yarali,hesaplanan_alan
2025-12,1,Adana,523,621,8,721,
2025-12,2,Adıyaman,156,167,1,250,
2025-12,3,Afyonkarahisar,203,290,1,369,
2025-12,4,Ağrı,67,107,0,113,
2025-12,5,Amasya,128,117,4,234,
2025-12,6,Ankara,1375,7485,11,1812,
2025-12,7,Antalya,1055,1028,7,1315,
2025-12,8,Artvin,25,59,3,40,
2025-12,9,Aydın,390,357,2,507,
2025-12,10,Balıkesir,411,411,2,571,
2025-12,11,Bilecik,64,68,1,107,
2025-12,12,Bingöl,60,82,0,98,
2025-12,13,Bitlis,55,88,0,97,
2025-12,14,Bolu,95,131,1,165,
2025-12,15,Burdur,131,68,0,199,
2025-12,16,Bursa,738,1749,3,972,
2025-12,17,Çanakkale,176,152,7,234,
2025-12,18,Çankırı,62,76,0,106,
2025-12,19,Çorum,175,308,1,262,
2025-12,20,Denizli,352,511,7,470,
2025-12,21,Diyarbakır,299,472,2,482,
2025-12,22,Edirne,107,118,0,139,
2025-12,23,Elazığ,116,172,1,159,
2025-12,24,Erzincan,74,123,0,109,
2025-12,25,Erzurum,109,287,0,198,
2025-12,26,Eskişehir,218,296,2,311,
2025-12,27,Gaziantep,488,497,6,684,
2025-12,28,Giresun,114,115,6,183,
2025-12,29,Gümüşhane,25,59,0,47,
2025-12,30,Hakkari,22,23,0,33,
2025-12,31,Hatay,632,446,5,873,
2025-12,32,Isparta,145,92,2,198,
2025-12,33,Mersin,691,442,6,862,
2025-12,34,İstanbul,3501,6229,14,4215,
2025-12,35,İzmir,1271,2400,13,1556,
2025-12,36,Kars,53,62,1,73,
2025-12,37,Kastamonu,90,102,2,144,
2025-12,38,Kayseri,382,433,2,581,
2025-12,39,Kırklareli,73,115,0,124,
2025-12,40,Kırşehir,72,90,0,104,
2025-12,41,Kocaeli,617,1025,2,793,
2025-12,42,Konya,609,833,4,886,
2025-12,43,Kütahya,163,165,4,232,
2025-12,44,Malatya,185,209,4,282,
2025-12,45,Manisa,480,523,6,640,
2025-12,46,Kahramanmaraş,299,331,3,453,
2025-12,47,Mardin,143,159,6,224,
2025-12,48,Muğla,489,400,7,659,
2025-12,49,Muş,35,59,2,79,
2025-12,50,Nevşehir,109,165,1,171,
2025-12,51,Niğde,101,165,4,156,
2025-12,52,Ordu,225,374,3,320,
2025-12,53,Rize,123,120,1,160,
2025-12,54,Sakarya,363,355,7,497,
2025-12,55,Samsun,447,722,2,590,
2025-12,56,Siirt,54,97,0,75,
2025-12,57,Sinop,81,60,0,121,
2025-12,58,Sivas,126,157,1,226,
2025-12,59,Tekirdağ,306,540,2,380,
2025-12,60,Tokat,169,150,2,255,
2025-12,61,Trabzon,186,290,3,238,
2025-12,62,Tunceli,17,22,0,24,
2025-12,63,Şanlıurfa,370,451,4,578,
2025-12,64,Uşak,111,146,5,168,
2025-12,65,Van,127,199,0,216,
2025-12,66,Yozgat,79,122,1,118,
2025-12,67,Zonguldak,149,163,1,213,
2025-12,68,Aksaray,106,225,1,158,
2025-12,69,Bayburt,9,11,0,12,
2025-12,70,Karaman,66,83,0,94,
2025-12,71,Kırıkkale,87,123,1,132,
2025-12,72,Batman,101,207,0,149,
2025-12,73,Şırnak,80,103,0,120,
2025-12,74,Bartın,44,48,0,58,
2025-12,75,Ardahan,6,29,0,11,
2025-12,76,Iğdır,35,57,0,62,
2025-12,77,Yalova,104,100,1,160,
2025-12,78,Karabük,92,82,2,113,
2025-12,79,Kilis,60,13,0,94,
2025-12,80,Osmaniye,275,123,11,409,
2025-12,81,Düzce,110,107,1,157,
2026-01,1,Adana,475,685,4,640,
2026-01,2,Adıyaman,92,163,3,142,
2026-01,3,Afyonkarahisar,163,294,0,266,
2026-01,4,Ağrı,39,108,1,66,
2026-01,5,Amasya,75,155,1,110,
2026-01,6,Ankara,1202,7415,11,1595,
2026-01,7,Antalya,822,959,5,1061,
2026-01,8,Artvin,11,50,0,13,
2026-01,9,Aydın,372,364,1,537,
2026-01,10,Balıkesir,328,382,5,489,
2026-01,11,Bilecik,59,55,0,79,
2026-01,12,Bingöl,35,120,0,68,
2026-01,13,Bitlis,41,95,1,74,
2026-01,14,Bolu,52,129,1,84,
2026-01,15,Burdur,94,78,1,165,
2026-01,16,Bursa,692,1878,4,897,
2026-01,17,Çanakkale,146,154,0,205,
2026-01,18,Çankırı,42,79,0,66,
2026-01,19,Çorum,126,329,0,197,
2026-01,20,Denizli,254,504,6,366,
2026-01,21,Diyarbakır,210,562,2,351,
2026-01,22,Edirne,90,124,3,115,
2026-01,23,Elazığ,70,186,2,117,
2026-01,24,Erzincan,41,123,0,69,
2026-01,25,Erzurum,91,337,0,147,
2026-01,26,Eskişehir,184,290,4,255,
2026-01,27,Gaziantep,313,546,7,460,
2026-01,28,Giresun,79,125,1,100,
2026-01,29,Gümüşhane,13,46,0,23,
2026-01,30,Hakkari,11,38,0,12,
2026-01,31,Hatay,468,423,2,695,
2026-01,32,Isparta,140,86,1,229,
2026-01,33,Mersin,586,465,4,778,
2026-01,34,İstanbul,2731,6163,15,3384,
2026-01,35,İzmir,1028,2260,5,1293,
2026-01,36,Kars,24,85,0,69,
2026-01,37,Kastamonu,57,118,3,95,
2026-01,38,Kayseri,280,464,0,474,
2026-01,39,Kırklareli,90,111,1,153,
2026-01,40,Kırşehir,48,74,0,64,
2026-01,41,Kocaeli,547,1015,1,771,
2026-01,42,Konya,491,919,3,757,
2026-01,43,Kütahya,135,168,1,228,
2026-01,44,Malatya,102,189,1,137,
2026-01,45,Manisa,391,519,4,541,
2026-01,46,Kahramanmaraş,198,375,2,312,
2026-01,47,Mardin,94,176,3,157,
2026-01,48,Muğla,396,426,2,526,
2026-01,49,Muş,21,75,0,33,
2026-01,50,Nevşehir,72,184,1,127,
2026-01,51,Niğde,83,182,2,137,
2026-01,52,Ordu,187,369,0,236,
2026-01,53,Rize,89,116,0,117,
2026-01,54,Sakarya,258,378,3,394,
2026-01,55,Samsun,389,715,5,546,
2026-01,56,Siirt,32,92,0,40,
2026-01,57,Sinop,50,52,2,77,
2026-01,58,Sivas,92,200,1,162,
2026-01,59,Tekirdağ,257,527,2,369,
2026-01,60,Tokat,114,176,1,183,
2026-01,61,Trabzon,186,278,0,251,
2026-01,62,Tunceli,5,36,0,7,
2026-01,63,Şanlıurfa,261,443,1,429,
2026-01,64,Uşak,79,158,0,112,
2026-01,65,Van,69,248,1,111,
2026-01,66,Yozgat,65,125,0,108,
2026-01,67,Zonguldak,120,195,2,181,
2026-01,68,Aksaray,91,231,1,166,
2026-01,69,Bayburt,8,13,0,22,
2026-01,70,Karaman,58,74,0,77,
2026-01,71,Kırıkkale,64,143,0,94,
2026-01,72,Batman,65,203,4,113,
2026-01,73,Şırnak,59,86,1,112,
2026-01,74,Bartın,42,59,0,87,
2026-01,75,Ardahan,8,31,0,11,
2026-01,76,Iğdır,30,52,0,38,
2026-01,77,Yalova,75,101,0,106,
2026-01,78,Karabük,50,57,1,87,
2026-01,79,Kilis,21,14,0,29,
2026-01,80,Osmaniye,201,142,0,268,
2026-01,81,Düzce,95,115,2,135,
2026-02,1,Adana,402,630,3,540,
2026-02,2,Adıyaman,98,167,1,167,
2026-02,3,Afyonkarahisar,142,212,0,222,
2026-02,4,Ağrı,66,128,0,127,
2026-02,5,Amasya,100,111,2,152,
2026-02,6,Ankara,1068,6286,10,1401,
2026-02,7,Antalya,828,896,9,1078,
2026-02,8,Artvin,20,30,3,37,
2026-02,9,Aydın,332,320,3,417,
2026-02,10,Balıkesir,293,379,2,399,
2026-02,11,Bilecik,53,49,1,78,
2026-02,12,Bingöl,53,70,2,90,
2026-02,13,Bitlis,55,99,3,96,
2026-02,14,Bolu,68,99,2,122,
2026-02,15,Burdur,68,64,9,108,
2026-02,16,Bursa,639,1556,4,821,
2026-02,17,Çanakkale,124,118,0,185,
2026-02,18,Çankırı,51,76,2,80,
2026-02,19,Çorum,114,242,0,165,
2026-02,20,Denizli,280,439,2,367,
2026-02,21,Diyarbakır,215,446,0,348,
2026-02,22,Edirne,57,99,2,79,
2026-02,23,Elazığ,102,133,1,160,
2026-02,24,Erzincan,48,96,0,74,
2026-02,25,Erzurum,107,316,5,198,
2026-02,26,Eskişehir,176,228,3,228,
2026-02,27,Gaziantep,348,406,2,526,
2026-02,28,Giresun,62,113,1,84,
2026-02,29,Gümüşhane,15,31,1,20,
2026-02,30,Hakkari,15,18,0,45,
2026-02,31,Hatay,432,379,3,570,
2026-02,32,Isparta,96,69,0,164,
2026-02,33,Mersin,517,349,6,669,
2026-02,34,İstanbul,2723,5588,9,3270,
2026-02,35,İzmir,874,2317,6,1134,
2026-02,36,Kars,30,76,0,60,
2026-02,37,Kastamonu,61,86,1,107,
2026-02,38,Kayseri,322,344,2,492,
2026-02,39,Kırklareli,61,108,0,92,
2026-02,40,Kırşehir,40,64,0,62,
2026-02,41,Kocaeli,477,908,1,599,
2026-02,42,Konya,517,690,0,739,
2026-02,43,Kütahya,91,130,0,114,
2026-02,44,Malatya,129,167,0,189,
2026-02,45,Manisa,378,519,3,514,
2026-02,46,Kahramanmaraş,202,357,3,320,
2026-02,47,Mardin,121,117,1,210,
2026-02,48,Muğla,373,365,3,489,
2026-02,49,Muş,28,54,0,40,
2026-02,50,Nevşehir,74,175,1,105,
2026-02,51,Niğde,88,130,3,137,
2026-02,52,Ordu,163,281,0,240,
2026-02,53,Rize,66,86,2,88,
2026-02,54,Sakarya,228,289,2,325,
2026-02,55,Samsun,355,527,4,485,
2026-02,56,Siirt,46,54,0,67,
2026-02,57,Sinop,55,51,0,83,
2026-02,58,Sivas,107,148,2,196,
2026-02,59,Tekirdağ,257,548,0,321,
2026-02,60,Tokat,135,136,0,227,
2026-02,61,Trabzon,167,235,0,246,
2026-02,62,Tunceli,16,29,0,19,
2026-02,63,Şanlıurfa,264,328,4,444,
2026-02,64,Uşak,75,113,0,133,
2026-02,65,Van,110,191,2,156,
2026-02,66,Yozgat,77,117,0,130,
2026-02,67,Zonguldak,135,124,0,180,
2026-02,68,Aksaray,84,172,0,152,
2026-02,69,Bayburt,8,15,0,8,
2026-02,70,Karaman,67,69,2,108,
2026-02,71,Kırıkkale,78,114,0,110,
2026-02,72,Batman,83,161,0,115,
2026-02,73,Şırnak,86,63,2,121,
2026-02,74,Bartın,37,43,0,59,
2026-02,75,Ardahan,4,22,0,8,
2026-02,76,Iğdır,24,52,0,31,
2026-02,77,Yalova,91,79,0,109,
2026-02,78,Karabük,46,48,1,69,
2026-02,79,Kilis,40,12,0,60,
2026-02,80,Osmaniye,186,143,0,270,
2026-02,81,Düzce,103,83,3,150,
2026-03,1,Adana,561,682,5,780,
2026-03,2,Adıyaman,131,142,0,216,
2026-03,3,Afyonkarahisar,213,289,1,383,
2026-03,4,Ağrı,65,119,0,123,
2026-03,5,Amasya,120,119,0,197,
2026-03,6,Ankara,1415,6935,8,2037,
2026-03,7,Antalya,1035,971,4,1437,
2026-03,8,Artvin,20,38,0,25,
2026-03,9,Aydın,471,323,2,652,
2026-03,10,Balıkesir,414,372,8,626,
2026-03,11,Bilecik,56,75,0,84,
2026-03,12,Bingöl,59,79,0,111,
2026-03,13,Bitlis,48,95,2,103,
2026-03,14,Bolu,88,112,0,144,
2026-03,15,Burdur,103,64,0,142,
2026-03,16,Bursa,808,1740,4,1142,
2026-03,17,Çanakkale,162,123,1,216,
2026-03,18,Çankırı,72,93,0,139,
2026-03,19,Çorum,185,272,0,316,
2026-03,20,Denizli,332,452,4,459,
2026-03,21,Diyarbakır,270,536,0,472,
2026-03,22,Edirne,103,111,0,153,
2026-03,23,Elazığ,129,164,0,229,
2026-03,24,Erzincan,52,94,0,71,
2026-03,25,Erzurum,106,241,0,185,
2026-03,26,Eskişehir,251,298,3,384,
2026-03,27,Gaziantep,479,490,5,718,
2026-03,28,Giresun,88,118,4,139,
2026-03,29,Gümüşhane,23,33,0,39,
2026-03,30,Hakkari,23,35,1,54,
2026-03,31,Hatay,557,387,1,755,
2026-03,32,Isparta,167,104,3,261,
2026-03,33,Mersin,638,439,10,866,
2026-03,34,İstanbul,3262,6086,18,4022,
2026-03,35,İzmir,1160,2256,2,1447,
2026-03,36,Kars,32,45,0,76,
2026-03,37,Kastamonu,73,106,1,129,
2026-03,38,Kayseri,373,371,1,565,
2026-03,39,Kırklareli,76,101,0,107,
2026-03,40,Kırşehir,50,64,0,80,
2026-03,41,Kocaeli,634,921,2,858,
2026-03,42,Konya,667,831,3,1082,
2026-03,43,Kütahya,169,139,3,251,
2026-03,44,Malatya,165,176,3,256,
2026-03,45,Manisa,446,462,2,606,
2026-03,46,Kahramanmaraş,255,281,1,432,
2026-03,47,Mardin,121,170,1,242,
2026-03,48,Muğla,496,375,2,643,
2026-03,49,Muş,36,58,0,55,
2026-03,50,Nevşehir,86,149,3,140,
2026-03,51,Niğde,104,149,4,146,
2026-03,52,Ordu,204,311,1,299,
2026-03,53,Rize,82,82,0,106,
2026-03,54,Sakarya,313,368,3,423,
2026-03,55,Samsun,413,550,3,605,
2026-03,56,Siirt,49,69,0,77,
2026-03,57,Sinop,66,46,0,102,
2026-03,58,Sivas,115,130,0,179,
2026-03,59,Tekirdağ,285,562,3,386,
2026-03,60,Tokat,192,161,2,302,
2026-03,61,Trabzon,180,287,3,255,
2026-03,62,Tunceli,11,23,0,19,
2026-03,63,Şanlıurfa,336,427,6,571,
2026-03,64,Uşak,136,114,1,193,
2026-03,65,Van,120,205,0,180,
2026-03,66,Yozgat,89,111,1,153,
2026-03,67,Zonguldak,138,144,0,229,
2026-03,68,Aksaray,119,225,1,174,
2026-03,69,Bayburt,12,11,0,32,
2026-03,70,Karaman,60,65,0,80,
2026-03,71,Kırıkkale,106,130,0,146,
2026-03,72,Batman,115,202,1,162,
2026-03,73,Şırnak,69,84,0,105,
2026-03,74,Bartın,63,35,0,94,
2026-03,75,Ardahan,8,23,0,9,
2026-03,76,Iğdır,30,47,0,46,
2026-03,77,Yalova,105,104,2,149,
2026-03,78,Karabük,78,58,0,129,
2026-03,79,Kilis,27,4,0,35,
2026-03,80,Osmaniye,241,170,1,353,
2026-03,81,Düzce,85,112,0,129,
2026-04,1,Adana,536,562,3,739,
2026-04,2,Adıyaman,132,152,0,179,
2026-04,3,Afyonkarahisar,211,237,2,310,
2026-04,4,Ağrı,65,86,0,143,
2026-04,5,Amasya,109,92,2,167,
2026-04,6,Ankara,1361,6541,15,1818,
2026-04,7,Antalya,1076,929,12,1402,
2026-04,8,Artvin,28,27,2,50,
2026-04,9,Aydın,443,327,2,600,
2026-04,10,Balıkesir,443,341,5,598,
2026-04,11,Bilecik,80,57,0,108,
2026-04,12,Bingöl,56,54,0,77,
2026-04,13,Bitlis,59,67,3,106,
2026-04,14,Bolu,91,119,0,131,
2026-04,15,Burdur,110,67,8,168,
2026-04,16,Bursa,822,1462,2,1088,
2026-04,17,Çanakkale,193,142,0,269,
2026-04,18,Çankırı,69,67,0,119,
2026-04,19,Çorum,170,252,1,248,
2026-04,20,Denizli,343,431,2,459,
2026-04,21,Diyarbakır,264,400,1,413,
2026-04,22,Edirne,113,106,0,142,
2026-04,23,Elazığ,84,142,0,134,
2026-04,24,Erzincan,67,93,3,104,
2026-04,25,Erzurum,112,210,2,187,
2026-04,26,Eskişehir,220,223,5,310,
2026-04,27,Gaziantep,444,458,3,642,
2026-04,28,Giresun,83,79,2,122,
2026-04,29,Gümüşhane,28,40,1,53,
2026-04,30,Hakkari,23,15,0,36,
2026-04,31,Hatay,592,324,2,810,
2026-04,32,Isparta,132,79,1,175,
2026-04,33,Mersin,654,390,7,887,
2026-04,34,İstanbul,3342,5577,7,3979,
2026-04,35,İzmir,1167,2216,6,1463,
2026-04,36,Kars,28,43,0,51,
2026-04,37,Kastamonu,101,81,1,175,
2026-04,38,Kayseri,432,330,0,637,
2026-04,39,Kırklareli,81,77,1,123,
2026-04,40,Kırşehir,57,63,0,102,
2026-04,41,Kocaeli,653,854,2,812,
2026-04,42,Konya,712,775,3,1015,
2026-04,43,Kütahya,147,144,0,200,
2026-04,44,Malatya,181,147,4,298,
2026-04,45,Manisa,487,466,2,670,
2026-04,46,Kahramanmaraş,284,282,1,426,
2026-04,47,Mardin,132,122,1,214,
2026-04,48,Muğla,533,404,5,674,
2026-04,49,Muş,37,55,0,58,
2026-04,50,Nevşehir,110,155,2,161,
2026-04,51,Niğde,101,136,0,139,
2026-04,52,Ordu,208,279,2,271,
2026-04,53,Rize,77,99,0,91,
2026-04,54,Sakarya,304,313,0,402,
2026-04,55,Samsun,408,561,1,533,
2026-04,56,Siirt,49,52,1,62,
2026-04,57,Sinop,72,41,0,113,
2026-04,58,Sivas,135,140,3,218,
2026-04,59,Tekirdağ,296,490,2,404,
2026-04,60,Tokat,163,151,1,236,
2026-04,61,Trabzon,192,225,2,255,
2026-04,62,Tunceli,17,19,0,22,
2026-04,63,Şanlıurfa,305,313,4,499,
2026-04,64,Uşak,110,111,2,150,
2026-04,65,Van,144,178,0,224,
2026-04,66,Yozgat,82,101,4,128,
2026-04,67,Zonguldak,150,99,0,207,
2026-04,68,Aksaray,119,207,0,188,
2026-04,69,Bayburt,11,13,0,17,
2026-04,70,Karaman,94,55,0,150,
2026-04,71,Kırıkkale,101,115,1,152,
2026-04,72,Batman,109,156,0,145,
2026-04,73,Şırnak,95,80,1,156,
2026-04,74,Bartın,58,43,0,108,
2026-04,75,Ardahan,12,27,0,18,
2026-04,76,Iğdır,34,33,1,46,
2026-04,77,Yalova,93,81,0,120,
2026-04,78,Karabük,59,68,1,71,
2026-04,79,Kilis,49,18,0,67,
2026-04,80,Osmaniye,223,107,0,297,
2026-04,81,Düzce,117,85,0,162,
2026-05,1,Adana,545,601,5,768,
2026-05,2,Adıyaman,182,153,1,261,
2026-05,3,Afyonkarahisar,266,286,3,459,
2026-05,4,Ağrı,84,102,0,144,
2026-05,5,Amasya,130,158,3,204,
2026-05,6,Ankara,1440,6215,7,1973,
2026-05,7,Antalya,1271,994,19,1720,
2026-05,8,Artvin,27,36,0,34,
2026-05,9,Aydın,578,364,2,801,
2026-05,10,Balıkesir,502,393,9,784,
2026-05,11,Bilecik,71,63,0,99,
2026-05,12,Bingöl,82,70,0,156,
2026-05,13,Bitlis,86,72,2,178,
2026-05,14,Bolu,95,137,3,160,
2026-05,15,Burdur,132,89,4,207,
2026-05,16,Bursa,951,1502,6,1270,
2026-05,17,Çanakkale,236,175,4,402,
2026-05,18,Çankırı,105,127,2,206,
2026-05,19,Çorum,213,296,0,379,
2026-05,20,Denizli,386,457,9,579,
2026-05,21,Diyarbakır,331,411,1,602,
2026-05,22,Edirne,121,109,0,182,
2026-05,23,Elazığ,150,166,1,258,
2026-05,24,Erzincan,89,93,2,151,
2026-05,25,Erzurum,146,222,0,270,
2026-05,26,Eskişehir,244,274,1,350,
2026-05,27,Gaziantep,492,429,5,804,
2026-05,28,Giresun,96,135,6,163,
2026-05,29,Gümüşhane,38,58,2,59,
2026-05,30,Hakkari,25,18,1,55,
2026-05,31,Hatay,626,367,4,895,
2026-05,32,Isparta,184,80,1,271,
2026-05,33,Mersin,740,397,8,988,
2026-05,34,İstanbul,3566,5138,8,4300,
2026-05,35,İzmir,1278,2095,11,1592,
2026-05,36,Kars,60,56,3,99,
2026-05,37,Kastamonu,120,128,4,228,
2026-05,38,Kayseri,459,395,1,747,
2026-05,39,Kırklareli,92,99,1,146,
2026-05,40,Kırşehir,84,70,1,163,
2026-05,41,Kocaeli,680,865,1,891,
2026-05,42,Konya,744,812,3,1143,
2026-05,43,Kütahya,179,154,1,303,
2026-05,44,Malatya,187,169,3,357,
2026-05,45,Manisa,525,508,2,773,
2026-05,46,Kahramanmaraş,352,275,1,600,
2026-05,47,Mardin,177,136,1,295,
2026-05,48,Muğla,648,501,8,882,
2026-05,49,Muş,53,42,1,78,
2026-05,50,Nevşehir,127,162,3,220,
2026-05,51,Niğde,139,162,7,240,
2026-05,52,Ordu,238,329,1,329,
2026-05,53,Rize,89,131,1,125,
2026-05,54,Sakarya,354,280,1,532,
2026-05,55,Samsun,468,598,1,658,
2026-05,56,Siirt,72,62,2,100,
2026-05,57,Sinop,86,61,0,150,
2026-05,58,Sivas,175,172,5,369,
2026-05,59,Tekirdağ,332,481,3,460,
2026-05,60,Tokat,203,191,0,343,
2026-05,61,Trabzon,188,276,2,263,
2026-05,62,Tunceli,17,17,0,26,
2026-05,63,Şanlıurfa,381,320,2,571,
2026-05,64,Uşak,121,144,5,213,
2026-05,65,Van,182,206,1,336,
2026-05,66,Yozgat,110,133,5,219,
2026-05,67,Zonguldak,159,153,0,249,
2026-05,68,Aksaray,149,231,0,248,
2026-05,69,Bayburt,23,15,0,40,
2026-05,70,Karaman,106,50,1,146,
2026-05,71,Kırıkkale,95,162,2,169,
2026-05,72,Batman,142,144,1,226,
2026-05,73,Şırnak,101,61,2,142,
2026-05,74,Bartın,65,53,0,93,
2026-05,75,Ardahan,9,26,0,16,
2026-05,76,Iğdır,41,37,1,50,
2026-05,77,Yalova,123,76,0,174,
2026-05,78,Karabük,71,49,1,112,
2026-05,79,Kilis,68,18,0,133,
2026-05,80,Osmaniye,291,142,1,439,
2026-05,81,Düzce,146,116,1,202,
2026-06,1,Adana,606,529,6,829,
2026-06,2,Adıyaman,179,161,1,258,
2026-06,3,Afyonkarahisar,298,276,0,471,
2026-06,4,Ağrı,92,92,2,176,
2026-06,5,Amasya,167,123,2,235,
2026-06,6,Ankara,1765,6714,8,2329,
2026-06,7,Antalya,1471,1026,9,1969,
2026-06,8,Artvin,36,32,1,49,
2026-06,9,Aydın,572,408,1,793,
2026-06,10,Balıkesir,630,396,5,896,
2026-06,11,Bilecik,132,69,1,191,
2026-06,12,Bingöl,66,89,1,100,
2026-06,13,Bitlis,67,59,0,131,
2026-06,14,Bolu,139,121,3,196,
2026-06,15,Burdur,112,88,1,179,
2026-06,16,Bursa,1110,1588,5,1509,
2026-06,17,Çanakkale,256,171,3,347,
2026-06,18,Çankırı,74,97,0,119,
2026-06,19,Çorum,239,252,3,365,
2026-06,20,Denizli,451,460,5,604,
2026-06,21,Diyarbakır,337,390,1,539,
2026-06,22,Edirne,139,132,3,203,
2026-06,23,Elazığ,196,155,0,332,
2026-06,24,Erzincan,105,107,0,184,
2026-06,25,Erzurum,182,204,6,299,
2026-06,26,Eskişehir,290,305,1,416,
2026-06,27,Gaziantep,591,406,4,836,
2026-06,28,Giresun,114,117,0,179,
2026-06,29,Gümüşhane,40,44,0,80,
2026-06,30,Hakkari,30,17,0,48,
2026-06,31,Hatay,730,331,2,991,
2026-06,32,Isparta,205,78,6,319,
2026-06,33,Mersin,759,404,13,1009,
2026-06,34,İstanbul,4261,5506,19,5194,
2026-06,35,İzmir,1458,2322,7,1880,
2026-06,36,Kars,53,48,1,100,
2026-06,37,Kastamonu,111,100,0,172,
2026-06,38,Kayseri,586,360,6,872,
2026-06,39,Kırklareli,97,87,3,150,
2026-06,40,Kırşehir,85,71,1,149,
2026-06,41,Kocaeli,867,973,1,1094,
2026-06,42,Konya,879,902,7,1263,
2026-06,43,Kütahya,262,145,2,401,
2026-06,44,Malatya,246,198,2,349,
2026-06,45,Manisa,587,497,2,829,
2026-06,46,Kahramanmaraş,390,262,0,556,
2026-06,47,Mardin,150,169,2,256,
2026-06,48,Muğla,707,518,3,932,
2026-06,49,Muş,51,65,0,76,
2026-06,50,Nevşehir,174,139,2,261,
2026-06,51,Niğde,183,150,0,285,
2026-06,52,Ordu,311,304,0,444,
2026-06,53,Rize,121,112,7,163,
2026-06,54,Sakarya,406,325,0,527,
2026-06,55,Samsun,560,572,3,749,
2026-06,56,Siirt,65,63,0,92,
2026-06,57,Sinop,107,47,0,157,
2026-06,58,Sivas,206,161,5,337,
2026-06,59,Tekirdağ,440,558,5,602,
2026-06,60,Tokat,255,163,2,372,
2026-06,61,Trabzon,255,268,1,348,
2026-06,62,Tunceli,32,23,0,66,
2026-06,63,Şanlıurfa,388,324,9,625,
2026-06,64,Uşak,142,138,1,201,
2026-06,65,Van,204,190,4,343,
2026-06,66,Yozgat,133,99,1,185,
2026-06,67,Zonguldak,194,128,0,253,
2026-06,68,Aksaray,142,220,0,216,
2026-06,69,Bayburt,37,17,0,64,
2026-06,70,Karaman,125,67,1,167,
2026-06,71,Kırıkkale,110,143,1,158,
2026-06,72,Batman,136,190,0,208,
2026-06,73,Şırnak,88,56,0,139,
2026-06,74,Bartın,83,38,1,109,
2026-06,75,Ardahan,22,25,0,33,
2026-06,76,Iğdır,43,36,0,69,
2026-06,77,Yalova,160,94,0,226,
2026-06,78,Karabük,78,63,2,105,
2026-06,79,Kilis,46,8,0,67,
2026-06,80,Osmaniye,299,126,1,405,
2026-06,81,Düzce,160,91,1,228,
2026-07,1,Adana,536,520,9,736,
2026-07,2,Adıyaman,240,190,0,380,
2026-07,3,Afyonkarahisar,365,395,7,580,
2026-07,4,Ağrı,83,91,0,141,
2026-07,5,Amasya,168,168,2,355,
2026-07,6,Ankara,1602,5947,11,2208,
2026-07,7,Antalya,1538,1090,17,2074,
2026-07,8,Artvin,30,27,1,60,
2026-07,9,Aydın,676,492,4,909,
2026-07,10,Balıkesir,675,485,9,926,
2026-07,11,Bilecik,109,62,1,161,
2026-07,12,Bingöl,88,86,5,174,
2026-07,13,Bitlis,106,98,1,198,
2026-07,14,Bolu,148,140,1,242,
2026-07,15,Burdur,143,108,1,224,
2026-07,16,Bursa,1099,1566,8,1458,
2026-07,17,Çanakkale,282,219,3,398,
2026-07,18,Çankırı,85,90,5,168,
2026-07,19,Çorum,235,321,0,350,
2026-07,20,Denizli,516,521,2,696,
2026-07,21,Diyarbakır,380,402,0,647,
2026-07,22,Edirne,130,139,0,177,
2026-07,23,Elazığ,206,196,1,345,
2026-07,24,Erzincan,146,121,1,245,
2026-07,25,Erzurum,218,266,3,360,
2026-07,26,Eskişehir,346,283,0,527,
2026-07,27,Gaziantep,649,429,4,925,
2026-07,28,Giresun,138,141,5,227,
2026-07,29,Gümüşhane,37,69,0,68,
2026-07,30,Hakkari,38,11,2,76,
2026-07,31,Hatay,744,342,2,1066,
2026-07,32,Isparta,246,99,0,352,
2026-07,33,Mersin,758,427,5,1019,
2026-07,34,İstanbul,4097,5441,9,5053,
2026-07,35,İzmir,1479,2283,2,1935,
2026-07,36,Kars,59,51,1,119,
2026-07,37,Kastamonu,155,134,2,282,
2026-07,38,Kayseri,688,417,8,1038,
2026-07,39,Kırklareli,115,107,1,156,
2026-07,40,Kırşehir,99,99,1,155,
2026-07,41,Kocaeli,816,949,4,1028,
2026-07,42,Konya,1004,960,11,1521,
2026-07,43,Kütahya,272,161,1,438,
2026-07,44,Malatya,323,227,4,529,
2026-07,45,Manisa,692,550,6,957,
2026-07,46,Kahramanmaraş,437,327,2,724,
2026-07,47,Mardin,195,152,3,319,
2026-07,48,Muğla,904,690,6,1251,
2026-07,49,Muş,70,71,2,118,
2026-07,50,Nevşehir,186,160,5,262,
2026-07,51,Niğde,176,163,0,246,
2026-07,52,Ordu,295,354,0,427,
2026-07,53,Rize,122,172,1,183,
2026-07,54,Sakarya,414,347,0,641,
2026-07,55,Samsun,607,645,1,856,
2026-07,56,Siirt,66,67,0,96,
2026-07,57,Sinop,105,94,0,171,
2026-07,58,Sivas,235,197,3,422,
2026-07,59,Tekirdağ,451,575,4,619,
2026-07,60,Tokat,294,226,2,466,
2026-07,61,Trabzon,261,453,2,377,
2026-07,62,Tunceli,30,34,0,49,
2026-07,63,Şanlıurfa,395,362,10,654,
2026-07,64,Uşak,184,139,1,293,
2026-07,65,Van,209,263,2,354,
2026-07,66,Yozgat,144,130,1,239,
2026-07,67,Zonguldak,202,148,2,299,
2026-07,68,Aksaray,183,285,2,323,
2026-07,69,Bayburt,35,27,0,91,
2026-07,70,Karaman,143,68,3,210,
2026-07,71,Kırıkkale,148,149,1,307,
2026-07,72,Batman,141,174,0,198,
2026-07,73,Şırnak,85,74,1,168,
2026-07,74,Bartın,90,55,1,122,
2026-07,75,Ardahan,29,37,3,58,
2026-07,76,Iğdır,54,57,0,79,
2026-07,77,Yalova,186,115,1,263,
2026-07,78,Karabük,81,64,1,131,
2026-07,79,Kilis,36,13,0,55,
2026-07,80,Osmaniye,269,134,1,384,
2026-07,81,Düzce,163,130,4,223,
