cadde,konum,enlem,boylam,olay,eslesme_uzakligi_km
Yeşildere Caddesi,Tepecik Köprü Üstü,38.42168,27.1531,1098,0.3
Mürselpaşa Bulvarı,Hilal Köprü Üstü,38.42474,27.14908,1065,0.47
Akçay Caddesi,Serbest Bölge Alt Geçit İçi,38.33586,27.13397,582,0.02
Akçay Caddesi,Gaziemir Alt Geçit İçi,38.31679,27.14045,580,0.01
Anadolu Caddesi,Naldöken Köprü Sonrası,38.46651,27.12936,550,0.01
Yeşildere Caddesi,Tarihi Su Kemerleri Öncesi,38.40884,27.14858,388,0
Konak Tüneli,Konak Tüneli,38.41545,27.12787,375,0.04
Anadolu Caddesi,Naldöken Köprü Öncesi,38.46651,27.12936,316,0.01
Şehitler Caddesi,Halkapınar Köprü Üstü,38.43406,27.16854,278,0.08
Ankara Caddesi,Ege Üniversitesi Viyadük Üstü,38.46138,27.22944,267,0.19
Yeşillik Caddesi,Karabağlar Belediyesi Hizası,38.38857,27.13461,220,0.07
Akçay Caddesi,Sarnıç Alt Geçit İçi,38.31143,27.14218,205,0
Anadolu Caddesi,Turan Köprü Üstü,38.46735,27.14962,187,0.01
Akçay Caddesi,Semt Garajı Hizası,38.35739,27.13539,186,0.06
Yeşildere Caddesi,Tarihi Su Kemerleri Hizası,38.40884,27.14858,173,0
Mustafa Kemal Sahil Bulvarı,Karantina Alt Geçit İçi,38.40839,27.10796,163,0.14
Gaziler Caddesi,Kemer Alt Geçit İçi,38.42223,27.1504,142,0
Yeşildere Caddesi,Hilal Köprü Üstü,38.42652,27.15225,134,0.15
Anadolu Caddesi,Turan Üst Geçit Öncesi,38.46735,27.14962,134,0.01
Mustafa Kemal Sahil Bulvarı,Küçükyalı Kavşak İçi,38.40706,27.10161,133,0.08
Anadolu Caddesi,Karşıyaka Çok Katlı Pazaryeri Hizası,38.4674,27.11658,129,1.06
Anadolu Caddesi,Ayyıldız Kavşak İçi,38.48046,27.09152,127,0.01
Mustafa Kemal Sahil Bulvarı,Karataş Kavşağı Öncesi,38.41046,27.11886,114,0.01
Mustafa Kemal Sahil Bulvarı,Küçükyalı Kavşağı,38.40706,27.10161,112,0.08
Anadolu Caddesi,Turan Otobüs Durakları Sonrası,38.46735,27.14962,111,0.01
Mustafa Kemal Sahil Bulvarı,Karataş Kavşak İçi,38.41078,27.11988,110,0.01
Anadolu Caddesi,Turan Üst Geçit Sonrası,38.46735,27.14962,108,0.01
Yeşildere Caddesi,Mobilya Mağazası Sonrası,38.42637,27.15214,105,1.17
Akçay Caddesi,Gaziemir Alt Geçit Sonrası,38.32582,27.13665,102,0.29
Anadolu Caddesi,Çiğli İtfaiye Hizası,38.4944,27.06168,101,0
Akçay Caddesi,Gaziemir Alt Geçit Öncesi,38.32582,27.13665,98,0.29
Yeşildere Caddesi,Tarihi Su Kemerleri Sonrası,38.40884,27.14858,98,0
Mustafa Kemal Sahil Bulvarı,Göztepe Kavşak İçi,38.4003,27.09155,96,0.01
Mustafa Kemal Sahil Bulvarı,Karataş Kavşağı,38.41046,27.11886,89,0.01
Mustafa Kemal Sahil Bulvarı,Güzelyalı Kavşak İçi,38.39849,27.0848,89,0.01
Anadolu Caddesi,Turan Otobüs Durakları Hizası,38.46735,27.14962,88,0.01
Mustafa Kemal Sahil Bulvarı,Göztepe Kavşağı Öncesi,38.4003,27.09155,86,0.01
Mustafa Kemal Sahil Bulvarı,Marina Kavşak İçi,38.42254,27.13104,85,0.36
Anadolu Caddesi,Şemikler Kavşağı Öncesi,38.4779,27.09604,82,0.28
Mustafa Kemal Sahil Bulvarı,Güzelyalı Kavşağı,38.39849,27.0848,79,0.01
Mustafa Kemal Sahil Bulvarı,Karataş Kavşağı Sonrası,38.41046,27.11886,79,0.01
Ankara Caddesi,Bölge Metro Hizası,38.45564,27.20105,78,0.07
Mustafa Kemal Sahil Bulvarı,Göztepe Kavşağı,38.4003,27.09155,77,0.01
Anadolu Caddesi,Şemikler Kavşak İçi,38.4779,27.09604,70,0.28
Anadolu Caddesi,Şemikler Kavşağı,38.4779,27.09604,66,0.28
Yeşillik Caddesi,Gediz Kavşak İçi,38.40213,27.1294,66,0.46
Mustafa Kemal Sahil Bulvarı,Karantina Alt Geçit Sonrası,38.40839,27.10796,64,0.14
Akçay Caddesi,Serbest Bölge Alt Geçit,38.33586,27.13397,61,0.02
Anadolu Caddesi,Turan Üst Geçit Altı,38.46735,27.14962,59,0.01
Anadolu Caddesi,Turan Otobüs Durakları Öncesi,38.46735,27.14962,58,0.01
Akçay Caddesi,Sarnıç Alt Geçit Sonrası,38.31171,27.143,56,0.15
Akçay Caddesi,Esbaş Alt Geçit İçi,38.33591,27.13407,55,0
Yeşildere Caddesi,Tarihi Su Kemerleri,38.40884,27.14858,53,0
Akçay Caddesi,Sarnıç Alt Geçit Öncesi,38.31171,27.143,52,0.15
Mustafa Kemal Sahil Bulvarı,Marina Kavşağı,38.40738,27.10256,48,0.08
Mustafa Kemal Sahil Bulvarı,Küçükyalı Kavşağı Öncesi,38.40706,27.10161,47,0.08
Ankara Caddesi,Özkanlar Yol Ayrımı Öncesi,38.45722,27.20501,47,0.32
Ankara Caddesi,Özkanlar Yol Ayrımı Sonrası,38.45722,27.20501,47,0.32
Mustafa Kemal Sahil Bulvarı,Karantina Alt Geçit Çıkışı,38.40839,27.10796,46,0.14
Yeşillik Caddesi,Semt Garajı Hizası,38.36156,27.13729,46,0.51
Yeşillik Caddesi,Gediz Kavşağı,38.36185,27.13735,45,0.61
Altınyol Caddesi,Turan Köprü Üstü,38.4471,27.17144,44,2.9
Akçay Caddesi,Sarnıç Kavşak İçi,38.31143,27.14218,44,0
Akçay Caddesi,Gaziemir Alt Geçit Çıkışı,38.32582,27.13665,42,0.29
Mürselpaşa Bulvarı,Hilal Köprü Öncesi,38.42474,27.14908,41,0.47
Altınyol Caddesi,Bayraklı Belediyesi Hizası,38.4471,27.17144,41,1.95
Mustafa Kemal Sahil Bulvarı,Göztepe Kavşağı Sonrası,38.4003,27.09155,41,0.01
Mustafa Kemal Sahil Bulvarı,Konak Alt Geçit İçi,38.41866,27.12739,41,0.02
Anadolu Caddesi,Şemikler Kavşağı Sonrası,38.4779,27.09604,40,0.28
Altınyol Caddesi,Liman Yol Ayrımı Öncesi,38.44261,27.17074,38,1.4
Akçay Caddesi,Serbest Bölge Kavşak İçi,38.33586,27.13397,38,0.02
Anadolu Caddesi,Soğukkuyu Kavşağı Öncesi,38.4684,27.12174,36,0.6
Mustafa Kemal Sahil Bulvarı,Göztepe Asma Köprü Sonrası,38.4003,27.09155,36,0.01
Mustafa Kemal Sahil Bulvarı,Karantina Alt Geçit Öncesi,38.40839,27.10796,35,0.14
Anadolu Caddesi,Turan Köprü Sonrası,38.46735,27.14962,35,0.01
Mustafa Kemal Sahil Bulvarı,Küçükyalı Kavşağı Sonrası,38.40706,27.10161,35,0.08
Mustafa Kemal Sahil Bulvarı,Güzelyalı Kavşağı Öncesi,38.39849,27.0848,34,0.01
Akçay Caddesi,Serbest Bölge Alt Geçit Girişi,38.33659,27.13385,34,0.25
Mustafa Kemal Sahil Bulvarı,Konak Alt Geçit Öncesi,38.41887,27.12775,33,0.05
Üniversite Caddesi,Ege Üniversitesi Acil Hizası,38.45837,27.21615,32,1.11
Altınyol Caddesi,Bayraklı Üst Geçit Altı,38.4471,27.17144,32,1.95
Akçay Caddesi,Gaziemir Alt Geçit,38.31679,27.14045,31,0.01
Şehitler Caddesi,1. Sanayi Kavşak İçi,38.43245,27.17532,31,0.14
Anadolu Caddesi,Turan Köprü Öncesi,38.46735,27.14962,30,0.01
Anadolu Caddesi,Çiğli İtfaiye Öncesi,38.4944,27.06168,29,0
Yeşillik Caddesi,Kaymakkuyu Kavşağı,38.40213,27.12966,29,1.64
Anadolu Caddesi,Ayyıldız Kavşağı Öncesi,38.48046,27.09152,29,0.01
Yeşildere Caddesi,Basmane Yol Ayrımı,38.42444,27.15196,28,0.64
Anadolu Caddesi,Bayraklı Belediyesi Hizası,38.46504,27.16332,28,0.01
Anadolu Caddesi,Naldöken Köprü Altı,38.46651,27.12936,27,0.01
Mustafa Kemal Sahil Bulvarı,Göztepe Asma Köprü Altı,38.4003,27.09155,27,0.01
Mustafa Kemal Sahil Bulvarı,Göztepe Asma Köprü Öncesi,38.4003,27.09155,27,0.01
Cumhuriyet Bulvarı,Konak Pier Hizası,38.42248,27.13116,27,0.15
Anadolu Caddesi,Soğukkuyu Kavşağı,38.4684,27.12174,26,0.6
Mustafa Kemal Sahil Bulvarı,Güzelyalı Kavşağı Sonrası,38.39849,27.0848,26,0.01
Caher Dudayev Bulvarı,Karya Evleri Hizası,38.47842,27.06552,26,0.01
Halil Rıfat Paşa Caddesi,Konak Tüneli,38.41379,27.12447,25,0.05
Mustafa Kemal Sahil Bulvarı,Göztepe Tramvay Durağı Hizası,38.4003,27.09155,25,0.01
Mürselpaşa Bulvarı,Hilal Köprü Sonrası,38.42474,27.14908,24,0.47
Anadolu Caddesi,Soğukkuyu Kavşak İçi,38.46748,27.11742,24,0.01
Ankara Caddesi,Özkanlar Yol Ayrımı,38.45722,27.20501,23,0.32
Altınyol Caddesi,Bayraklı Üst Geçit Öncesi,38.4471,27.17144,23,1.95
Akçay Caddesi,Gediz Kavşak İçi,38.36156,27.13729,23,0.61
Altınyol Caddesi,Liman Yol Ayrımı,38.44261,27.17074,22,1.4
Gaziler Caddesi,Tepecik Köprü Altı,38.4227,27.1563,22,0.01
Yeşildere Caddesi,Gürçeşme Yol Ayrımı Öncesi,38.41037,27.15473,22,0.2
Şair Eşref Bulvarı,Montrö Meydanı,38.42844,27.14141,21,0
Yeşildere Caddesi,Tepecik Köprü Girişi,38.42168,27.1531,21,0.3
Akçay Caddesi,Esbaş Alt Geçit Öncesi,38.33674,27.13382,21,0.02
Akçay Caddesi,Sarnıç Kavşağı,38.31171,27.143,20,0.15
Mürselpaşa Bulvarı,Basmane Yol Ayrımı,38.42397,27.14471,20,0.12
Anadolu Caddesi,Bostanlı İtfaiye Hizası,38.47005,27.1111,19,1.82
Anadolu Caddesi,Turan Üst Geçit Hizası,38.46735,27.14962,19,0.01
Anadolu Caddesi,Ayyıldız Kavşağı,38.48046,27.09152,19,0.01
Altınyol Caddesi,Bayraklı Üst Geçit Sonrası,38.4471,27.17144,18,1.95
Yeşillik Caddesi,Karabağlar Belesiyesi Hizası,38.38424,27.13463,18,0.15
Gaziler Caddesi,Kemer Alt Geçit,38.42223,27.1504,17,0
Şehitler Caddesi,Halkapınar Kavşağı,38.43406,27.16854,17,0.08
Yeşildere Caddesi,Tepecik Köprü Üzeri,38.42168,27.1531,17,0.3
Ankara Caddesi,Bölge Trafik Hizası,38.45983,27.2396,17,0
Anadolu Caddesi,Turan Otobüs Durakları,38.46735,27.14962,17,0.01
Altınyol Caddesi,Bayraklı Belediyesi Sonrası,38.4471,27.17144,17,1.95
Caher Dudayev Bulvarı,Atakent Kavşağı,38.46772,27.08771,17,0.01
Anadolu Caddesi,Çiğli Alt Geçit İçi,38.4944,27.06168,17,0
Kemalpaşa Caddesi,BMC Kavşağı,38.4389,27.25522,16,0.25
Gaziler Caddesi,Kemer Alt Geçit Çıkışı,38.42223,27.1504,16,0
Anadolu Caddesi,Bayraklı Belediyesi Sonrası,38.46504,27.16332,16,0.01
Mustafa Kemal Sahil Bulvarı,Göztepe Asma Köprü Hizası,38.4003,27.09155,16,0.01
Yeşillik Caddesi,Buca Köprü Öncesi,38.38302,27.13486,16,2.94
Yeşildere Caddesi,Ballıkuyu Üst Geçit Altı,38.41693,27.15518,16,0.43
Mustafa Kemal Sahil Bulvarı,Karantina Alt Geçit,38.40839,27.10796,15,0.14
Liman Caddesi,Alsancak Gar Hizası,38.43965,27.14807,15,0.01
Mürselpaşa Bulvarı,Tepecik Köprü Üstü,38.42474,27.14908,15,0.67
Yeşillik Caddesi,Buca Yol Ayrımı Öncesi,38.38302,27.13486,15,2.94
Ankara Caddesi,Ege Üniversitesi Acil Hizası,38.46138,27.22944,15,0.19
Yeşildere Caddesi,Basmane Yol Ayrımı Öncesi,38.42444,27.15196,15,0.64
Akçay Caddesi,Gaziemir alt Geçit İçi,38.31679,27.14045,15,0.01
Mithatpaşa Caddesi,Fahrettin Altay Meydanı,38.39696,27.06989,14,0
Anadolu Caddesi,Çiğli Belediyesi Hizası,38.4944,27.06168,14,0
Gaziler Caddesi,Kemer Alt Geçit Sonrası,38.42223,27.1504,14,0
Altınyol Caddesi,Bayraklı Üst Geçit Hizası,38.4471,27.17144,14,1.95
Mürselpaşa Bulvarı,Bozkurt Kavşak İçi,38.42373,27.14335,14,1.49
Akçay Caddesi,Havalimanı Kavşak İçi,38.31029,27.1424,14,1.67
Şair Eşref Bulvarı,Lozan Meydanı,38.43102,27.14265,13,0
Fevzipaşa Bulvarı,Çankaya Kavşağı,38.42249,27.136,13,0
Eşrefpaşa Caddesi,Cici Park Hizası,38.41203,27.13086,13,0.04
Anadolu Caddesi,Bayraklı Üst Geçit Sonrası,38.46504,27.16332,13,0.01
Anadolu Caddesi,Soğukkuyu Kavşağı Sonrası,38.4684,27.12174,13,0.6
Yeşillik Caddesi,Karabağlar Belediye Hizası,38.38424,27.13463,13,0.15
Eşrefpaşa Caddesi,İkiçeşmelik Cami Hizası,38.41432,27.1342,13,0
Fevzipaşa Bulvarı,Çankaya Kavşak İçi,38.42249,27.136,13,0
Akçay Caddesi,Serbest Bölge alt Geçit İçi,38.33586,27.13397,13,0.02
Yeşildere Caddesi,Ballıkuyu Üst Geçit Sonrası,38.41693,27.15518,13,0.43
Mehmet Akif Caddesi,Nato Kavşak İçi,38.39343,27.14262,13,0.01
Şehitler Caddesi,Halkapınar Aktarma Köprü Üstü,38.43406,27.16854,12,0.08
Kemalpaşa Caddesi,Otogar Kavşağı,38.42833,27.21501,12,0
Altınyol Caddesi,Turan Köprü Öncesi,38.4471,27.17144,12,2.9
Mehmet Akif Caddesi,Nato Kavşağı,38.39343,27.14262,12,0.01
Akçay Caddesi,Gediz Kavşağı,38.36156,27.13729,12,0.61
Mustafa Kemal Sahil Bulvarı,Göztepe Köprü Sonrası,38.4003,27.09155,12,0.01
Sarnıç Yolu,Sarnıç Köprü Üstü,38.31154,27.14452,12,0.06
Yeşildere Caddesi,Ballıkuyu Üst Geçit Öncesi,38.41693,27.15518,12,0.43
Halil Rıfat Paşa Caddesi,Konak Tüneli Sonrası,38.41537,27.12828,12,0.18
Anadolu Caddesi,Naldöken köprü öncesi,38.46651,27.12936,12,0.01
Mürselpaşa Bulvarı,Hilal Köprü Girişi,38.42474,27.14908,11,0.47
Mürselpaşa Bulvarı,Hilal Köprü İnişi,38.42474,27.14908,11,0.47
Akçay Caddesi,Gaziemir Alt Geçit Girişi,38.32582,27.13665,11,0.29
Mürselpaşa Bulvarı,Bozkurt Kavşağı,38.42373,27.14335,11,1.49
Gaziler Caddesi,Basmane Gar Hizası,38.42226,27.14481,11,0
Mustafa Kemal Sahil Bulvarı,Göztepe Üst Geçit Öncesi,38.4003,27.09155,11,0.01
Caher Dudayev Bulvarı,Bilim Müzesi Hizası,38.47414,27.08221,11,0.01
Mustafa Kemal Sahil Bulvarı,Konak Alt Geçit Sonrası,38.41887,27.12775,11,0.05
Anadolu Caddesi,Naldöken Köprü Üstü,38.46651,27.12936,11,0.01
Akçay Caddesi,Gaziemir Kavşak İçi,38.31679,27.14045,11,0.01
Caher Dudayev Bulvarı,Atakent Kavşak İçi,38.46772,27.08771,11,0.01
Akçay Caddesi,Sarnıç Alt Geçit,38.31143,27.14218,10,0
Yeşildere Caddesi,Tepecik Köprü Sonrası,38.42168,27.1531,10,0.3
Yeşillik Caddesi,Buca Yol Ayrımı,38.38302,27.13486,10,2.94
Akçay Caddesi,Gaziemir Kavşağı,38.32582,27.13665,10,0.29
Üniversite Caddesi,Ege Üniversitesi Acil Önü,38.45837,27.21615,10,1.11
Mustafa Kemal Sahil Bulvarı,Konak Pier Hizası,38.41887,27.12775,10,0.05
Ankara Caddesi,Osman Kibar Kavşağı Öncesi,38.46153,27.22847,10,0
Ankara Caddesi,Ege Üniversitesi Hastanesi Yol Ayrımı,38.45829,27.20983,10,0.07
Altınyol Caddesi,Turan Otobüs Durakları Hizası,38.4471,27.17144,10,2.9
Anadolu Caddesi,Dedebaşı Üst Geçit Öncesi,38.4717,27.10852,10,0.01
Mürselpaşa Bulvarı,Basmane Ayrımı Öncesi,38.42397,27.14471,10,0.12
Yeşildere Caddesi,Ballıkuyu Üst Geçit Hizası,38.41693,27.15518,10,0.43
Ankara Caddesi,Osman Kibar Tüneli İçi,38.46153,27.22847,10,0
Anadolu Caddesi,Dedebaşı Üst Geçit Hizası,38.4717,27.10852,9,0.01
Anadolu Caddesi,Turan Köprü,38.46735,27.14962,9,0.01
Mustafa Kemal Sahil Bulvarı,Köprü Tramvay Durağı Hizası,38.4058,27.09851,9,0.01
Akçay Caddesi,Sarnıç Alt Geçit Çıkışı,38.31171,27.143,9,0.15
Ankara Caddesi,Ege Üniversitesi Hastanesi Viyadük Üstü,38.45829,27.20983,9,0.07
Eşrefpaşa Caddesi,Çankaya Katlı Otopark Hizası,38.41995,27.13687,9,0.29
Ankara Caddesi,Nilüfer Kavşak İçi,38.44794,27.18125,9,1.35
Altınyol Caddesi,Bayraklı Belediyesi Öncesi,38.4471,27.17144,9,1.95
Menderes Caddesi,Buca Belediyesi Hizası,38.3903,27.16416,9,0.08
Mustafa Kemal Sahil Bulvarı,Göztepe Köprü Öncesi,38.4003,27.09155,9,0.01
Gaziler Caddesi,Tepecik Köprü Üstü,38.4227,27.1563,9,0.01
Yeşildere Caddesi,Ballıkuyu Kavşak İçi,38.41691,27.15519,9,0.35
Anadolu Caddesi,Çiğli İtfaiye Kavşak İçi,38.4944,27.06168,9,0
İnönü Caddesi,Poligon Metro Hizası,38.39326,27.08483,8,0
Altınyol Caddesi,Liman Ayrımı Öncesi,38.44261,27.17074,8,1.4
Altınyol Caddesi,Turan Üst Geçit Sonrası,38.4471,27.17144,8,2.9
Ankara Caddesi,Osman Kibar Kavşak İçi,38.46153,27.22847,8,0
Yeşillik Caddesi,Karabağlar Belediyesi Sonrası,38.38857,27.13461,8,0.07
Liman Caddesi,Liman C Kapısı,38.44025,27.14992,8,0.01
Altınyol Caddesi,Turan Üst Geçit Öncesi,38.4471,27.17144,8,2.9
Mehmet Akif Caddesi,Buca Köprü Altı,38.39281,27.14959,8,1.95
Sarnıç Yolu,Sarnıç Köprü Sonrası,38.31154,27.14452,8,0.06
Yeşillik Caddesi,Karabağlar PTT Hizası,38.38424,27.13463,8,0.15
Anadolu Caddesi,Çiğli Alt Geçit Sonrası,38.4944,27.06168,8,0
Atatürk Caddesi,Alsancak Gar Hizası,38.43835,27.14758,8,0
İnönü Caddesi,Fahrettin Altay Meydanı Öncesi,38.39695,27.07004,8,0.01
Anadolu Caddesi,Maltepe Kavşak İçi,38.49034,27.06806,8,0.07
Akçay Caddesi,Serbest bölge Alt Geçit İçi,38.33586,27.13397,8,0.02
Caher Dudayev Bulvarı,Koçtaş Kavşak İçi,38.47765,27.06602,8,0.08
Akçay Caddesi,Esbaş Alt Geçit,38.33591,27.13407,7,0
Doğuş Caddesi,Tınaztepe Kavşağı,38.37532,27.19201,7,0.17
Akçay Caddesi,Sarnıç Alt Geçit Girişi,38.31171,27.143,7,0.15
Akçay Caddesi,Esbaş Alt Geçit Sonrası,38.33674,27.13382,7,0.02
Liman Caddesi,Liman C Kapısı Hizası,38.44025,27.14992,7,0.01
Hasan Ali Yücel Bulvarı,Bostanlı İskele Hizası,38.45486,27.09682,7,0.02
Anadolu Caddesi,Dedebaşı Üst Geçit Altı,38.4717,27.10852,7,0.01
Manas Bulvarı,Smyrna Meydanı,38.4611,27.17252,7,0.01
Üniversite Caddesi,Ege Üniversitesi Kavşağı Öncesi,38.45837,27.21615,7,1.11
Kamil Tunca Bulvarı,Kartal Durağı Hizası,38.43231,27.19065,7,0
Nursultan Nazarbayev Caddesi,Smyrna Meydanı,38.46175,27.17132,7,0.13
Yeşildere Caddesi,Basmane Ayrımı Öncesi,38.42444,27.15196,7,0.64
Yeşildere Caddesi,Gürçeşme Yol Ayrımı Sonrası,38.41037,27.15473,7,0.2
Anadolu Caddesi,Ayyıldız Kavşağı Sonrası,38.48046,27.09152,7,0.01
Manas Bulvarı,Smyrna Kavşak İçi,38.4611,27.17252,7,0.01
Mithatpaşa Caddesi,Fahrettin Altay Kavşak İçi,38.39696,27.06989,7,0
Şehitler Caddesi,Halkapınar Köprü Öncesi,38.43406,27.16854,7,0.08
Anadolu Caddesi,Çiğli Kavşak İçi,38.4944,27.06168,7,0
Yeşillik Caddesi,Bozyaka Ayrımı,38.38819,27.13461,7,1.26
Akçay Caddesi,Semt garajı Hizası,38.35739,27.13539,7,0.06
Yeşildere Caddesi,Basmane Ayrımı,38.42444,27.15196,6,0.64
Altınyol Caddesi,Turan Otobüs Durakları Öncesi,38.4471,27.17144,6,2.9
Şehitler Caddesi,Halkapınar Köprü Sonrası,38.43406,27.16854,6,0.08
Mürselpaşa Bulvarı,Hilal Köprü üstü,38.42474,27.14908,6,0.47
Yeşillik Caddesi,Karabağlar Belediyesi Öncesi,38.38857,27.13461,6,0.07
Anadolu Caddesi,Bayraklı Üst Geçit Altı,38.46504,27.16332,6,0.01
Ankara Caddesi,Bölge Trafik Sonrası,38.45983,27.2396,6,0
Cumhuriyet Bulvarı,Konak Pier Öncesi,38.42248,27.13116,6,0.15
Ankara Caddesi,Ege Üniversitesi Yol Ayrımı,38.46138,27.22944,6,0.19
Yeşillik Caddesi,Bozyaka Kavşağı,38.38819,27.13461,6,1.26
Yeşillik Caddesi,Karabağlar Belediyesi Önü,38.38857,27.13461,6,0.07
Anadolu Caddesi,Maltepe Kavşağı,38.48957,27.06954,6,0.29
Gaziler Caddesi,Kemer Alt Geçit Öncesi,38.42223,27.1504,6,0
Yeşildere Caddesi,Gürçeşme Yol Ayrımı Hizası,38.41037,27.15473,6,0.2
Ankara Caddesi,Osman Kibar Kavşağı,38.46153,27.22847,6,0
Anadolu Caddesi,Karşıyaka Çok Katlı Pazar Yeri Hizası,38.4674,27.11658,6,1.06
Yeşildere Caddesi,Basmane Yol Ayrımı Sonrası,38.42444,27.15196,6,0.64
Kemalpaşa Caddesi,BMC Kavşak İçi,38.4389,27.25522,6,0.25
Yalı Bulvarı,Karşıyaka Atatürk Anıtı Önü,38.45531,27.11968,6,0.01
Mithatpaşa Caddesi,Fahrettin Altay Meydanı Öncesi,38.39696,27.06989,6,0
Mürselpaşa Bulvarı,Basmane Yol Ayrımı Öncesi,38.42397,27.14471,6,0.12
Mithatpaşa Caddesi,Agora AVM Hizası,38.36344,26.77195,6,2.76
Caher Dudayev Bulvarı,Mavişehir Tramvay Durağı Sonrası,38.47533,27.06773,6,0.01
Anadolu Caddesi,Bayraklı Üst Geçit Hizası,38.46504,27.16332,6,0.01
Yeşillik Caddesi,Paşaköprü Kavşak İçi,38.36521,27.13725,6,0.05
Mustafa Kemal Sahil Bulvarı,Karataş Kavşak Sonrası,38.41046,27.11886,6,0.01
Yeşildere Caddesi,Tepecik Köprü Öncesi,38.42168,27.1531,5,0.3
Mürselpaşa Bulvarı,Basmane Katılımı,38.42397,27.14471,5,0.12
Şehitler Caddesi,Halkapınar Aktarma,38.43406,27.16854,5,0.08
Cemal Gürsel Caddesi,Karşıyaka Atatürk Anıtı Önü,38.45566,27.12088,5,0.11
Ankara Caddesi,Bölge Metro Öncesi,38.45564,27.20105,5,0.07
Yeşildere Caddesi,Gürçeşme Yol Ayrımı,38.41037,27.15473,5,0.2
Mustafa Kemal Sahil Bulvarı,Göztepe Köprü Altı,38.4003,27.09155,5,0.01
Anadolu Caddesi,Bostanlı İtfaiye Sonrası,38.47005,27.1111,5,1.82
Mürselpaşa Bulvarı,Hilal Köprü,38.42474,27.14908,5,0.47
Halide Edip Adıvar Caddesi,Osman Öksüz Parkı Hizası,38.40367,27.12328,5,0.01
Gazi Osman Paşa Bulvarı,Çankaya Kavşağı,38.42346,27.13757,5,0.01
Altınyol Caddesi,Turan Üst Geçit Altı,38.4471,27.17144,5,2.9
Atatürk Caddesi,Tekel Meydanı,38.43686,27.1476,5,0.07
Yeşillik Caddesi,Buca Köprü Altı,38.38302,27.13486,5,2.94
Anadolu Caddesi,Bayraklı Üst Geçit Öncesi,38.46504,27.16332,5,0.01
Kamil Tunca Bulvarı,Kartal Durağı Öncesi,38.43231,27.19065,5,0
Eşrefpaşa Caddesi,Çankaya Katlı Otopark Sonrası,38.41995,27.13687,5,0.29
Altınyol Caddesi,Alsancak Yol Ayrımı Öncesi,38.44261,27.17074,5,1.94
Mehmet Akif Caddesi,Nato Kavşağı Öncesi,38.39343,27.14262,5,0.01
Kamil Tunca Caddesi,Kartal Durağı Öncesi,38.43231,27.19065,5,0
Yüzbaşı İbrahim Hakkı Caddesi,Smyrna Kavşak İçi,38.46332,27.1773,5,0.04
Şair Eşref Bulvarı,Lozan Kavşak İçi,38.43102,27.14265,5,0
Caher Dudayev Bulvarı,Mavişehir Tramvay Durağı Hizası,38.47533,27.06773,5,0.01
Homeros Bulvarı,Homeros Kavşak İçi,38.40109,27.14982,5,0
Anadolu Caddesi,Karşıyaka Çok Katlı Pazaryeri Öncesi,38.4674,27.11658,5,1.06
Anadolu Caddesi,Yeni Girne Köprü Altı,38.47043,27.11081,5,0.7
Altınyol Caddesi,Turan Otobüs Durakları Sonrası,38.4471,27.17144,5,2.9
Üniversite Caddesi,Ege Üniversitesi Kavşak İçi,38.45775,27.20988,5,0.01
Anadolu Caddesi,Bostanlı İtfaiye Kavşak İçi,38.47005,27.1111,5,1.82
Gazi Osman Paşa Bulvarı,Çankaya Kavşak İçi,38.42346,27.13757,5,0.01
Mustafa Kemal Sahil Bulvarı,Göztepe Kavşak Öncesi,38.4003,27.09155,5,0.01
Mustafa Kemal Sahil Bulvarı,Konak Alt Geçit,38.41866,27.12739,4,0.02
Anadolu Caddesi,Turan Üst Geçit,38.46735,27.14962,4,0.01
Mustafa Kemal Sahil Bulvarı,Göztepe Asma Köprü,38.4003,27.09155,4,0.01
Şehitler Caddesi,Halkapınar Köprü Girişi,38.43406,27.16854,4,0.08
Şehitler Caddesi,Halkapınar Aktarma Köprü Girişi,38.43406,27.16854,4,0.08
Liman Caddesi,Alsancak Gar Kavşağı,38.43965,27.14807,4,0.01
Mustafa Kemal Sahil Bulvarı,Karantina Altgeçit,38.40839,27.10796,4,0.14
Şair Eşref Bulvarı,Tekel Meydanı,38.4358,27.14645,4,0.01
Şehitler Caddesi,Halkapınar Aktarma Kavşağı,38.43406,27.16854,4,0.08
Caher Dudayev Bulvarı,Karya Evleri Öncesi,38.47842,27.06552,4,0.01
Şehitler Caddesi,Halkapınar Köprü İnişi,38.43406,27.16854,4,0.08
Anadolu Caddesi,Soğukkuyu Üst Geçit Hizası,38.4684,27.12174,4,0.6
Yeşillik Caddesi,Bozyaka Ayrımı Öncesi,38.38819,27.13461,4,1.26
Şehitler Caddesi,Halkapınar Kavşağı Öncesi,38.43406,27.16854,4,0.08
Ankara Caddesi,Naldöken Kavşağı,38.45276,27.26592,4,0.07
Fevzipaşa Bulvarı,Çankaya Kavşağı Sonrası,38.42249,27.136,4,0
Ankara Caddesi,Ege Üniversitesi Ayrımı,38.46138,27.22944,4,0.19
Ankara Caddesi,Osman Kibar Tüneli,38.46153,27.22847,4,0
Ankara Caddesi,Özkanlar Yol Ayrımı Hizası,38.45722,27.20501,4,0.32
Anadolu Caddesi,Bayraklı Belediyesi Öncesi,38.46504,27.16332,4,0.01
Menderes Caddesi,Şirinyer Pazaryeri Hizası,38.3935,27.14879,4,0.13
Anadolu Caddesi,Naldöken Köprü sonrası,38.46651,27.12936,4,0.01
Anadolu Caddesi,Çiğli Vergi Dairesi Hizası,38.4944,27.06168,4,0
Sarnıç Yolu,Sarnıç Köprü Öncesi,38.31154,27.14452,4,0.06
Cemal Gürsel Caddesi,Karşıyaka İskele Sonrası,38.45567,27.12095,4,0.05
Mürselpaşa Bulvarı,Bozkurt Kavşağı Öncesi,38.42373,27.14335,4,1.49
Anafartalar Caddesi,Basmane Gar Hizası,38.42214,27.14348,4,0
Anadolu Caddesi,Çiğli Alt Geçit Öncesi,38.4944,27.06168,4,0
Ankara Caddesi,Ege Üniversitesi Acil Önü,38.46138,27.22944,4,0.19
Anadolu Caddesi,Naldöken Köprü Hizası,38.46651,27.12936,4,0.01
Yeşillik Caddesi,Karabağlar Belediye Öncesi,38.38424,27.13463,4,0.15
Halil Rıfat Paşa Caddesi,Konak Viyadük Altı,38.41537,27.12828,4,0.18
Altınyol Caddesi,Bayraklı Belediye Hizası,38.4471,27.17144,4,1.95
Akçay Caddesi,Gaziemir Kavşağı Sonrası,38.32582,27.13665,4,0.29
Ankara Caddesi,Ege Üniversitesi Yol Ayrımı Öncesi,38.46138,27.22944,4,0.19
Akçay Caddesi,Migros Alt Geçit İçi,38.33629,27.134,4,0.08
Mustafa Kemal Sahil Bulvarı,Karantina Alt Geçit Girişi,38.40839,27.10796,4,0.14
Liman Caddesi,Havagazı Fabrikası Hizası,38.44026,27.15672,4,0.13
Cemal Gürsel Caddesi,Karşıyaka İskele Hizası,38.45567,27.12095,4,0.05
Halil Rıfat Paşa Caddesi,Konak Tüneli Çıkışı,38.41537,27.12828,4,0.18
Yalı Bulvarı,Karşıyaka İskele Hizası,38.45593,27.12214,4,0.01
Cumhuriyet Bulvarı,Konak Alt Geçit Öncesi,38.42248,27.13116,4,0.15
Akçay Caddesi,6. Sanayi Kavşak İçi,38.34917,27.13344,4,0.81
Şair Eşref Bulvarı,Montrö Kavşak İçi,38.42844,27.14141,4,0
Kamil Tunca Caddesi,Kartal Durağı Hizası,38.43231,27.19065,4,0
Yalı Bulvarı,Karşıyaka Atatürk Anıtı Hizası,38.45531,27.11968,4,0.01
Fevzi Paşa Bulvarı,Çankaya Kavşak İçi,38.42249,27.136,4,0
Ankara Caddesi,Bölge Metro Sonrası,38.45564,27.20105,4,0.07
Altınyol Caddesi,Zafer Payzın Kavşak İçi,38.4449,27.1712,4,0.09
Akçay Caddesi,Semt Garajı Öncesi,38.35739,27.13539,4,0.06
Akçay Caddesi,Semt Garajı Kavşak İçi,38.35739,27.13539,4,0.06
Akçay Caddesi,Esbaş Alt Geçit Hizası,38.33674,27.13382,4,0.02
Anadolu Caddesi,Benzinlik Hizası,38.44812,27.17253,4,0.91
Mustafa Kemal Sahil Bulvarı,Karataş Kavşak Öncesi,38.41046,27.11886,4,0.01
Altınyol Caddesi,Alsancak Ayrımı,38.44261,27.17074,3,1.94
Ankara Caddesi,Ege Üniversitesi Hastane Ayrımı,38.46138,27.22944,3,0.19
Şehitler Caddesi,Halkapınar Aktarma Merkezi Hizası,38.43406,27.16854,3,0.08
Anadolu Caddesi,Turan Üstgeçit,38.46735,27.14962,3,0.01
Anadolu Caddesi,Evka-5 Kavşağı,38.50838,27.04728,3,0.46
Cemal Gürsel Caddesi,Atatürk Anıtı,38.45574,27.0994,3,0.32
Mustafa Kemal Sahil Bulvarı,Köprü Tramvay Durağı,38.4058,27.09851,3,0.01
Altınyol Caddesi,Turan Köprü Üzeri,38.4471,27.17144,3,2.9
Altınyol Caddesi,Zafer Payzın Kavşağı,38.4449,27.1712,3,0.09
İnönü Caddesi,Yeşilyurt Kavşağı,38.40185,27.1112,3,0.52
Ankara Caddesi,Ege Üniversitesi Viyadük Üzeri,38.46138,27.22944,3,0.19
İstanbul Caddesi,Osman Kibar Kavşağı Öncesi,38.46409,27.22696,3,0.24
Yeşildere Caddesi,Tepecik Köprü Basmane Katılımı,38.42168,27.1531,3,0.3
Caher Dudayev Bulvarı,Koçtaş Hizası,38.47765,27.06602,3,0.08
Yeşillik Caddesi,Karabağlar İşkur Hizası,38.38424,27.13463,3,0.15
Uğur Mumcu Caddesi,Çevik Bir Meydanı,38.3833,27.16875,3,0.02
Mithatpaşa Caddesi,Ege Park Kavşağı,38.39426,27.05471,3,0.9
Akçay Caddesi,Esbaş Üst Geçit Altı,38.33674,27.13382,3,0.02
Anadolu Caddesi,Soğukkuyu Üst Geçit Altı,38.4684,27.12174,3,0.6
Ankara Caddesi,Ege Üniversitesi Hastanesi Ayrımı,38.45829,27.20983,3,0.07
Atatürk Caddesi,Alsancak Gar Sonrası,38.43835,27.14758,3,0
Anadolu Caddesi,Çiğli Alt Geçit Çıkışı,38.4944,27.06168,3,0
Gazi Bulvarı,Halit Ziya Kesişimi,38.4244,27.13481,3,0.19
Atatürk Caddesi,Tekel Kavşağı Öncesi,38.43686,27.1476,3,0.07
Anadolu Caddesi,Turan Köprü Altı,38.46735,27.14962,3,0.01
Menderes Caddesi,Buca Belediyesi Önü,38.3903,27.16416,3,0.08
Caher Dudayev Bulvarı,Atakent Kavşağı Öncesi,38.46772,27.08771,3,0.01
İnönü Caddesi,Yeşilyurt Kavşağı Öncesi,38.40185,27.1112,3,0.52
Özmen Caddesi,Üçkuyular Meydan,38.38226,27.17589,3,0
Mürselpaşa Bulvarı,Basmane Ayrımı Sonrası,38.42397,27.14471,3,0.12
Yeşildere Caddesi,Basmane Ayrımı Sonrası,38.42444,27.15196,3,0.64
Yeşillik Caddesi,Buca Köprü Üstü,38.38302,27.13486,3,2.94
Kemalpaşa Caddesi,BMC Kavşağı Öncesi,38.4389,27.25522,3,0.25
Menderes Caddesi,Buca Belediyesi Sonrası,38.3903,27.16416,3,0.08
Mürselpaşa Bulvarı,Basmane Yol Ayrımı Sonrası,38.42397,27.14471,3,0.12
Ankara Caddesi,Özkanlar Yol ayrımı,38.45722,27.20501,3,0.32
Akçay Caddesi,Havalimanı Kavşağı,38.31029,27.1424,3,2.08
Liman Caddesi,Alsancak Gar Sonrası,38.43965,27.14807,3,0.01
Eşrefpaşa Caddesi,Yağhaneler Kavşağı Sonrası,38.40203,27.12938,3,0.43
Gaziler Caddesi,Basmane Gar Sonrası,38.42226,27.14481,3,0
Mustafa Kemal Sahil Bulvarı,Sadıkbey Tramvay Durağı,38.40327,27.09578,3,0
Özmen Caddesi,Buca Üçkuyular Meydan,38.38223,27.176,3,0.01
Şehitler Caddesi,Halkapınar Köprü Üzeri,38.43406,27.16854,3,0.08
Şehitler Caddesi,Halkapınar Aktarma Merkezi,38.43406,27.16854,3,0.08
Birleşmiş Milletler Caddesi,Fatih Cami Hizası,38.41148,27.12787,3,0
Haydar Aliyev Bulvarı,Marina Kavşağı,38.40343,27.07179,3,2.72
Cumhuriyer Bulvarı,Konak Pier Hizası,38.42248,27.13116,3,0.15
Halil Rıfat Paşa Caddesi,Konak Alt Geçit Öncesi,38.41537,27.12828,3,0.18
Anadolu Caddesi,Bostanlı İtfaiye Öncesi,38.47005,27.1111,3,1.82
Mustafa Kemal Sahil Bulvarı,Konak Viyadük Üstü,38.41887,27.12775,3,0.05
Altınyol Caddesi,Alsancak Yol Ayrımı,38.44261,27.17074,3,1.94
Yeşillik Caddesi,Buca Köprü Sonrası,38.38302,27.13486,3,2.94
Gaziler Caddesi,Basmane Kavşağı Sonrası,38.42213,27.14349,3,0
Üniversite Caddesi,Bornova Metro Hizası,38.45831,27.2147,3,0.06
Anadolu Caddesi,Çiğli Belediyesi Sonrası,38.4944,27.06168,3,0
Kamil Tunca Bulvarı,Kartal Durağı,38.43231,27.19065,3,0
Mustafa Kemal Sahil Bulvarı,Konak Viyadük Altı,38.41887,27.12775,3,0.05
Yalı Bulvarı,Alaybey Tramvay Durağı Hizası,38.46022,27.12694,3,0.03
Kamil Tunca Bulvarı,Kartal Durağı Sonrası,38.43231,27.19065,3,0
Mustafa Kemal Sahil Bulvarı,Güzelyalı Tramvay Durağı Hizası,38.39849,27.0848,3,0.01
Anadolu Caddesi,Yeni Girne Köprü Sonrası,38.47043,27.11081,3,0.7
Eşrefpaşa Caddesi,Çankaya Katlı Otoparkı Hizası,38.41995,27.13687,3,0.29
Ankara Caddesi,Özkanlar yol Ayrımı Öncesi,38.45722,27.20501,3,0.32
Eşrefpaşa Caddesi,Eşrefpaşa Cami Hizası,38.4089,27.12877,3,0
Gaziler Caddesi,Basmane Kavşak İçi,38.42226,27.14481,3,0
Özmen Caddesi,Üçkuyular Meydanı,38.38216,27.1762,3,0.01
Doğuş Caddesi,Tınaztepe Kavşak İçi,38.37059,27.19523,3,0.03
Yeşillik Caddesi,Bozyaka Kavşak İçi,38.39847,27.13145,3,0.35
Altınyol Caddesi,Turan Köprü Sonrası,38.4471,27.17144,3,2.9
Ankara Caddesi,Naldöken Kavşağı Sonrası,38.45276,27.26592,3,0.07
Atatürk Caddesi,Alsancak Gar Kavşak İçi,38.43835,27.14758,3,0
Şehitler Caddesi,Sanayi Kavşak İçi,38.43307,27.18048,3,1.32
Ankara Caddesi,Manisa Kavşak İçi,38.46207,27.22599,3,0.07
Akçay Caddesi,Sarnıç Kavşağı Öncesi,38.31171,27.143,3,0.15
Akçay Caddesi,Aktepe,38.35286,27.13357,3,0.02
Cumhuriyet Bulvarı,Konak Pier Üst Geçit Sonrası,38.42248,27.13116,3,0.15
Üniversite Caddesi,Üniversite Kavşak İçi,38.44476,27.18495,3,0
Akçay Caddesi,Aktepe Sonrası,38.35286,27.13357,3,0.02
Akçay Caddesi,Semt Garajı Sonrası,38.35739,27.13539,3,0.06
Mithatpaşa Caddesi,Fahrettin Altay Merdan,38.39696,27.06989,3,0
Ankara Caddesi,Türkan Özilhan Devlet Hastanesi Viyadük Üstü,38.45792,27.25094,3,0.03
Liman Caddesi,Liman Viyadük Üstü,38.44025,27.14992,3,0.01
Akçay Caddesi,Sarnıç Köprü Üstü,38.31171,27.143,3,0.15
Şehitler Caddesi,Halkapınar Köprüsü Öncesi,38.43406,27.16854,3,0.08
İnönü Caddesi,Denizmen Kavşak İçi,38.39443,27.0773,3,0.44
Akçay Caddesi,Havalimanı Kavşağı Öncesi,38.31029,27.1424,3,2.08
Cemal Gürsel Caddesi,Karşıyaka İskele Öncesi,38.45567,27.12095,3,0.05
Yeşildere Caddesi,Gürçeşme Ayrımı Öncesi,38.41037,27.15473,3,0.2
Mustafa Kemal Sahil Bulvarı,Köprü Tramvay Durağı Sonrası,38.4058,27.09851,3,0.01
Anadolu Caddesi,Naldöken Yaya Üst Geçit Hizası,38.46651,27.12936,3,0.01
Anadolu Caddesi,Serinkuyu Kavşak İçi,38.47539,27.10287,3,0.01
Mustafa Kemal Sahil Bulvarı,Göztepe Tramvay Durak Hizası,38.4003,27.09155,3,0.01
Mustafa Kemal Sahil Bulvarı,Küçükyalı Kavşak Sonrası,38.40706,27.10161,3,0.08
Mürselpaşa Bulvarı,Basmane Ayrımı,38.42397,27.14471,2,0.12
Ankara Caddesi,Ege Üniversitesi Hastanesi,38.45747,27.20592,2,0.01
Atatürk Caddesi,Tekel Meydan,38.43686,27.1476,2,0.07
Yeşildere Caddesi,Karabağlar Belediyesi Hizası,38.39198,27.13457,2,0.39
Akçay Caddesi,Esbaş,38.33591,27.13407,2,0
Yeşildere Caddesi,Hilal Köprü Basmane Ayrımı,38.42652,27.15225,2,0.15
Akçay Caddesi,Semt Garajı Lambalar,38.35739,27.13539,2,0.06
Anadolu Caddesi,Çiğli Belediyesi Önü,38.4944,27.06168,2,0
Mürselpaşa Bulvarı,Hilal Köprü Üzeri,38.42474,27.14908,2,0.47
Menderes Caddesi,Şirinyer Migros Önü,38.3935,27.14879,2,0.13
Anadolu Caddesi,Naldöken Benzinlik Öncesi,38.46651,27.12936,2,0.01
Üniversite Caddesi,Ege Üniversite Hastanesi Kavşağı,38.44264,27.18076,2,2.69
Anadolu Caddesi,Benzinlik Öncesi,38.44812,27.17253,2,0.91
Yeşildere Caddesi,Hilal Köprü Öncesi,38.42652,27.15225,2,0.15
Halide Edip Adıvar Caddesi,Osman Öksüz Parkı,38.40367,27.12328,2,0.01
Mustafa Kemal Sahil Bulvarı,Karataş Tramvay Durağı,38.41046,27.11886,2,0.01
Mustafa Kemal Sahil Bulvarı,Güzelyalı Depo Kavşağı,38.39849,27.0848,2,0.01
Hasan Ali Yücel Bulvarı,Bostanlı Köprü Kavşağı,38.45493,27.09709,2,0.26
Şehitler Caddesi,Halkapınar Aktarma Köprü İnişi,38.43406,27.16854,2,0.08
Şehitler Caddesi,Halkapınar Aktarma Köprü Öncesi,38.43406,27.16854,2,0.08
Halide Edip Adıvar Caddesi,Yeşildere Caddesi'ne Katılım,38.39746,27.13124,2,1.62
Anadolu Caddesi,Yeni Girne Viyadük Altı,38.47043,27.11081,2,0.7
Yeşildere Caddesi,Ballıkuyu Katılımı Hizası,38.41693,27.15518,2,0.43
Gaziler Caddesi,Gıda Çarşısı Kavşağı,38.42465,27.16868,2,0.42
Altınyol Caddesi,Meles,38.44603,27.17145,2,0.04
Anadolu Caddesi,Ayyıldız Durakları Hizası,38.48046,27.09152,2,0.01
Üniversite Caddesi,Stadyum Metro Öncesi,38.44264,27.18076,2,0.03
Anadolu Caddesi,Naldöken Köprsü Sonrası,38.46651,27.12936,2,0.01
Şehitler Caddesi,Halkapınar Aktarma Köprü,38.43406,27.16854,2,0.08
Cumhuriyet Bulvarı,Cumhuriyet Meydanı Öncesi,38.42924,27.13488,2,0.06
Anadolu Caddesi,Turan Üst Geçit Sonrası İlave Şeritte,38.46735,27.14962,2,0.01
Şair Eşref Bulvarı,Hocazade Camii Hizası,38.4331,27.14394,2,0
Eşrefpaşa Caddesi,Cici Park Önü,38.41203,27.13086,2,0.04
Homeros Bulvarı,Onat Caddesi,38.40047,27.15519,2,0.1
Akçay Caddesi,Esbaş Alt Geçit Altı,38.33674,27.13382,2,0.02
Yüzbaşı İbrahim Hakkı Caddesi,Smyrna Kavşağı,38.46198,27.17164,2,0.12
Akçay Caddesi,Esbaş Kavşağı,38.33674,27.13382,2,0.02
Mustafa Kemal Sahil Bulvarı,Konak Alt Geçit Çıkışı,38.41887,27.12775,2,0.05
Gaziler Caddesi,Kemer Alt Geçit Girişi,38.42223,27.1504,2,0
Akçay Caddesi,Semt Garajı Önü,38.35739,27.13539,2,0.06
İnönü Caddesi,Susuzdede Park Hizası,38.39878,27.09552,2,0.43
Mehmet Akif Caddesi,Buca Köprü Sonrası,38.39281,27.14959,2,1.95
Fevzipaşa Bulvarı,Basmane Gar Öncesi,38.42256,27.14308,2,0.06
İnönü Caddesi,Göztepe Metro Öncesi,38.39605,27.09427,2,0.01
Anadolu Caddesi,Şemikler Üst Geçit Öncesi,38.4779,27.09604,2,0.28
Ankara Caddesi,Özkanlar Kavşağı Sonrası,38.45722,27.20501,2,0.32
Liman Caddesi,Liman D Kapısı Hizası,38.44025,27.14992,2,0.01
Şehitler Caddesi,Halkapınar Aktarma Kavşağı Öncesi,38.43406,27.16854,2,0.08
Eşrefpaşa Caddesi,Cici Park Öncesi,38.41203,27.13086,2,0.04
Homeros Bulvarı,Konak Tünel Girişi,38.4025,27.14404,2,2.12
Anadolu Caddesi,Çiğli Belediye Sonrası,38.4944,27.06168,2,0
Akçay Caddesi,Esbaş Alt Geçit Çıkışı,38.33674,27.13382,2,0.02
Caher Dudayev Bulvarı,Bilim Müzesi Öncesi,38.47414,27.08221,2,0.01
Atatürk Caddesi,Alsancak Gar Öncesi,38.43835,27.14758,2,0
Menderes Caddesi,Şirinyer Kavşağı,38.3935,27.14879,2,0.13
Kamil Tunca Bulvarı,Yeşilova Kavşağı,38.4305,27.1988,2,0.96
Menderes Caddesi,Buca Heykel Kavşağı,38.389,27.17029,2,0.63
Anadolu Caddesi,Çiğli İtfaiye Önü,38.4944,27.06168,2,0
Hasan Ali Yücel Bulvarı,Bostanlı İskele Öncesi,38.45486,27.09682,2,0.02
Mithatpaşa Caddesi,Fahrettin Altay Meydan,38.39696,27.06989,2,0
İnönü Caddesi,Hıfzıssıhha Kavşağı,38.3932,27.08805,2,0.01
Ankara Caddesi,Ege Üniversitesi Hastanesi Viyadük Üzeri,38.45829,27.20983,2,0.07
Doğuş Caddesi,Tınaztepe Kampüs Kavşağı,38.37532,27.19201,2,0.17
Halil Rıfat Paşa Caddesi,Bahribaba Otobüs Durakları,38.41537,27.12828,2,0.09
İzmir Sarnıç Yolu,Sarnıç Köprü Üstü,38.31154,27.14452,2,0.06
Mithatpaşa Caddesi,Adnan Saygun Sanat Merkezi,38.39858,27.07634,2,0
Anadolu Caddesi,Naldöken Köprü,38.46651,27.12936,2,0.01
İnönü Caddesi,Fahrettin Altay Meydanı,38.39695,27.07004,2,0.01
Ankara Caddesi,Ege Üniversitesi Hastanesi Yol Ayrımı Öncesi,38.45829,27.20983,2,0.07
Gaziler Caddesi,Tepecik Köprü Öncesi,38.4227,27.1563,2,0.01
Altınyol Caddesi,Liman Caddesi Girişi,38.44261,27.17074,2,1.4
Cumhuriyer Bulvarı,Konak Pier Öncesi,38.42248,27.13116,2,0.15
Akçay Caddesi,Gaziemir İlçe Emniyet Hizası,38.31679,27.14045,2,0.01
Altınyol Caddesi,Turan,38.44261,27.17074,2,2.63
Akçay Caddesi,Aktepe Üst Geçit Sonrası,38.35286,27.13357,2,0.02
Caher Dudayev Bulvarı,Koçtaş Kavşağı Öncesi,38.47765,27.06602,2,0.08
İnönü Caddesi,Poligon Metro Durağı,38.39326,27.08483,2,0
Liman Caddesi,Havagazı Fabrikası Sonrası,38.44026,27.15672,2,0.13
Yalı Bulvarı,Alaybey Tramvay Durağı Sonrası,38.46022,27.12694,2,0.03
Yeşildere Caddesi,Konak Tüneli,38.39535,27.13683,2,0.21
Akçay Caddesi,Havalimanı Kavşağı Sonrası,38.31029,27.1424,2,2.08
Mustafa Kemal Sahil Bulvarı,Göztepe İskele Sonrası,38.4003,27.09155,2,0.01
Girne Bulvarı,Yeni Girne Viyadük Üstü,38.47033,27.11194,2,0.66
Yeşillik Caddesi,Buca Yol Ayrımı Sonrası,38.38302,27.13486,2,2.94
Menderes Caddesi,Şirinyer PTT Hizası,38.39178,27.15342,2,0.01
Homeros Bulvarı,Şirinyer Ayrımı,38.40108,27.14938,2,0.89
Mustafa Kemal Sahil Bulvarı,Göztepe Üst Geçit Altı,38.4003,27.09155,2,0.01
Mithatpaşa Caddesi,İstihkam Viyadüğü Sonrası,38.38614,26.94474,2,0.04
Cemal Gürsel Caddesi,Nikah Sarayı Hizası,38.44999,27.11055,2,0.03
Mustafa Kemal Sahil Bulvarı,Köprü Durağı Hizası,38.4058,27.09851,2,0.01
Mustafa Kemal Sahil Bulvarı,Göztepe Tramvay Hizası,38.4003,27.09155,2,0.01
Ankara Caddesi,Bornova Metro Hizası,38.45847,27.21151,2,0.01
Kemalpaşa Caddesi,BMC Kavşağı Sonrası,38.4389,27.25522,2,0.25
Konak Tüneli,Konak Tünel Sonrası,38.41576,27.12754,2,0.11
Halil Rıfat Paşa Caddesi,Konak Tünel Sonrası,38.41537,27.12828,2,0.18
Eşrefpaşa Caddesi,Cici Park Sonrası,38.41203,27.13086,2,0.04
Altınyol Caddesi,Zafer Payzın Kavşağı Sonrası,38.4449,27.1712,2,0.09
Akçay Caddesi,Sarnıç Kavşağı Sonrası,38.31171,27.143,2,0.15
Şehitler Caddesi,Kemer Alt Geçit İçi,38.43558,27.16474,2,1.68
Akçay Caddesi,Sarnıç Köprü Öncesi,38.31171,27.143,2,0.15
Halil Rıfat Paşa Caddesi,Konak Tünel Çıkışı,38.41537,27.12828,2,0.18
İnönü Caddesi,Susuzdede Parkı Hizası,38.39878,27.09552,2,0.43
Anadolu Caddesi,Çiğli İtfaiye Kavşağı,38.4944,27.06168,2,0
Eşrefpaşa Caddesi,Çankaya Kavşağı Öncesi,38.41995,27.13687,2,0.29
Caher Dudayev Bulvarı,Atakent Kavşağı Sonrası,38.46772,27.08771,2,0.01
Gaziler Caddesi,İzsu Hizası,38.42256,27.14308,2,1.21
Caher Dudayev Bulvarı,Mavişehir Kapalı Salonu,38.47533,27.06773,2,0.01
Cemal Gürsel Caddesi,Naldöken Köprü Üstü,38.46585,27.13001,2,0.04
Mustafa Kemal Sahil Bulvarı,Sadıkbey Tramvay Durağı Hizası,38.40327,27.09578,2,0
Üniversite Caddesi,Bölge Metro Hizası,38.45484,27.20148,2,0.01
Caher Dudayev Bulvarı,Bilim Müzesi Tramvay Durağı Hizası,38.47414,27.08221,2,0.01
İnönü Caddesi,Göztepe Metro Sonrası,38.39605,27.09427,2,0.01
Ankara Caddesi,Bölge Trafik Öncesi,38.45983,27.2396,2,0
Talatpaşa Bulvarı,Tekel Meydanı Öncesi,38.43622,27.14625,2,0.04
Mustafa Kemal Sahil Bulvarı,Konak Alt Geçit Altı,38.41887,27.12775,2,0.05
Akçay Caddesi,Gaziemir Migros Kavşak İçi,38.32582,27.13665,2,0.29
Cemal Gürsel Caddesi,Bostanlı İskele Öncesi,38.45699,27.09832,2,0.01
Yeşildere Caddesi,Konak Tüneli Sonrası,38.40721,27.14447,2,1.78
Mürselpaşa Bulvarı,Bozkurt Kavşağı Sonrası,38.42373,27.14335,2,1.49
Akçay Caddesi,Gaziemir Alt Geçit sonrası,38.32582,27.13665,2,0.29
Eşrefpaşa Caddesi,Çankaya Katlı Otopark Öncesi,38.41995,27.13687,2,0.29
Gaziler Caddesi,Kemer Alt Geçit Altı,38.42223,27.1504,2,0
Anadolu Caddesi,Soğukkuyu Yaya Üst Geçit Altı,38.4684,27.12174,2,0.6
Üniversite Caddesi,Bornova Metro Durağı,38.45831,27.2147,2,0.06
Liman Caddesi,Liman D Kapısı,38.44025,27.14992,2,0.01
Manas Bulvarı,Smyrna Meydanı Kavşak İçi,38.4611,27.17252,2,0.01
Şehitler Caddesi,Halkapınar Kavşak İçi,38.43333,27.17035,2,0
Ankara Caddesi,Özkanlar Yol ayrımı Öncesi,38.45722,27.20501,2,0.32
Girne Bulvarı,Yeni Girne Kavşak İçi,38.47033,27.11194,2,0.66
Akdoğan Caddesi,Nato Kavşak İçi,38.3929,27.14061,2,0
Fatih Caddesi,Stadyum Hizası,38.44234,27.18017,2,0.04
Mustafa Kemal Sahil Bulvarı,Polis Evi Hizası,38.41321,27.12122,2,0.03
Yeşildere Caddesi,Gürçeşme Yol ayrımı,38.41037,27.15473,2,0.2
Anadolu Caddesi,Girne Kavşak İçi,38.46996,27.11154,2,0
Akçay Caddesi,Aktepe Kavşak İçi,38.35286,27.13357,2,0.02
Anadolu Caddesi,Turan ÜSt Geçit Öncesi,38.46735,27.14962,2,0.01
Manas Bulvarı,Folkart Kavşak İçi,38.45406,27.17744,2,0.07
Şair Eşref Bulvarı,Lozan Meydanı Sonrası,38.43102,27.14265,2,0
Girne Bulvarı,Yeni Girne Köprü Sonrası,38.47033,27.11194,2,0.66
Ankara Caddesi,Çevreyolu Girişi,38.45649,27.20336,2,0.59
Ankara Caddesi,Zafer Payzın Kavşak İçi,38.44619,27.17581,2,0.17
Anadolu Caddesi,Dedebaşı Kavşak İçi,38.4717,27.10852,2,0.01
Yalı Bulvarı,Karşıyaka Anıt Öncesi,38.45531,27.11968,2,0.01
Dr. Refik Saydam Bulvarı,Montrö Meydan Öncesi,38.42776,27.14122,2,0.08
Cumhuriyet Bulvarı,Cumhuriyet Meydanı,38.42924,27.13488,2,0.06
Anadolu Caddesi,Turan otobüs Durakları Sonrası,38.46735,27.14962,2,0.01
Halil Rıfat Paşa Caddesi,Konak Tüneli Öncesi,38.41537,27.12828,2,0.18
Atatürk Caddesi,Sebze Hali Kavşak İçi,38.29776,27.17618,2,0.3
Mustafa Kemal Sahil Bulvarı,Göztepe Tramvay Durağı Sonrası,38.4003,27.09155,2,0.01
Cumhuriyet Bulvarı,Konak Pier Sonrası,38.42248,27.13116,2,0.15
Akçay Caddesi,serbest Bölge Alt Geçit İçi,38.33586,27.13397,2,0.02
Şehitler Caddesi,1.Sanayi Kavşak İçi,38.43245,27.17532,2,0.14
Mustafa Kemal Sahil Bulvarı,Üçkuyular Tramvay Durağı Hizası,38.40326,27.07148,2,0.01
Anadolu Caddesi,Çiğli Belesiyesi Hizası,38.4944,27.06168,2,0
Akçay Caddesi,Aktepe Ayrımı Öncesi,38.35286,27.13357,2,0.02
Eşrefpaşa Caddesi,Yağhaneler Kavşak İçi,38.40213,27.12956,2,0.13
Ankara Caddesi,İzbeton Hizası,38.44971,27.28684,2,0.01
Nursultan Nazarbayev Caddesi,Smyrna Kavşak İçi,38.46175,27.17132,2,0.13
Anadolu Caddesi,İzmir Arena Hizası,38.46571,27.14454,2,0.08
Anadolu Caddesi,Dedebaşı Üst Geçit Sonrası,38.4717,27.10852,2,0.01
Gaziler Caddesi,Gıda Çarşısı Girişi,38.42465,27.16868,2,0.42
Mustafa Kemal Sahil Bulvarı,Göztepe İskele Hizası,38.4003,27.09155,2,0.01
Yeşillik Caddesi,Gediz Kavşağı Öncesi,38.36185,27.13735,2,0.61
Mürselpaşa Bulvarı,Yeşildere Ayrımı Sonrası,38.4246,27.14886,2,1.51
Fevzipaşa Bulvarı,Şehit Fethi Bey Caddesi,38.42249,27.14291,2,0.29
Yeşildere Caddesi,Buca Kavşak İçi,38.40208,27.1431,2,0.32
Gaziler Caddesi,Kapılar Öncesi,38.42211,27.15164,2,0
Yeni Girne Bulvarı,Yeni Girne Pazaryeri Hizası,38.47697,27.11564,2,0.01
Menderes Caddesi,Şirinyer Parkı Hizası,38.3935,27.14879,2,0.13
Şair Eşref Bulvarı,Montrö Meydanı Kavşak İçi,38.42844,27.14141,2,0
Girne Bulvarı,Girne Pazaryeri Öncesi,38.47033,27.11194,2,0.98
İstanbul Caddesi,Topçu Tugayı Kavşak İçi,38.46409,27.22696,2,1.12
Girne Bulvarı,Girne Kavşak İçi,38.46994,27.11154,2,0
Eşrefpaşa Caddesi,İkiçeşmelik Cami Sonrası,38.41432,27.1342,2,0
Eşrefpaşa Caddesi,İkiçeşmelik İnişi,38.41432,27.1342,2,0
Eşrefpaşa Caddesi,Kestelli Caddesi Girişi,38.4158,27.13503,2,0
Anadolu Caddesi,Çiğli Kavşağı Öncesi,38.4944,27.06168,2,0
Homeros Bulvarı,Konak Tüneli,38.4018,27.14376,2,0.88
Caher Dudayev Bulvarı,Mavişehir AVM Önü,38.47533,27.06773,2,0.01
Anadolu Caddesi,Evka 5 Kavşak İçi,38.50838,27.04728,2,0.46
Altınyol Caddesi,Bayraklı dönüşü Sonrası,38.4471,27.17144,2,1.95
Akçay Caddesi,Aktepe Öncesi,38.35286,27.13357,2,0.02
Mustafa Kemal Sahil Bulvarı,Konak Pier Öncesi,38.41887,27.12775,2,0.05
Eşrefpaşa Caddesi,Kestelli Kavşak İçi,38.4158,27.13503,2,0
Yalı Bulvarı,Yunuslar Kavşak İçi,38.45079,27.10596,2,0.01
Caher Dudayev Bulvarı,Karya Evleri Kavşak İçi,38.47842,27.06552,2,0.01
Mürselpaşa Bulvarı,Yeşildere Yol Ayrımı,38.4246,27.14886,2,1.51
Gazi Osman Paşa Bulvarı,Çankaya Kavşağı Sonrası,38.42346,27.13757,2,0.01
Anadolu Caddesi,Şemikler Kavşak Öncesi,38.4779,27.09604,2,0.28
Mustafa Kemal Sahil Bulvarı,Güzelyalı Kavşak Öncesi,38.39849,27.0848,2,0.01
Ankara Caddesi,Özkanlar Yol Ayrım Sonrası,38.45722,27.20501,2,0.32
Mustafa Kemal Sahil Bulvarı,Küçükyalı Kavşak Öncesi,38.40706,27.10161,2,0.08
Konak Tüneli,Konak Tünelleri,38.41576,27.12754,2,0.11
Anadolu Caddesi,Naldöken Köprü HiZASı,38.46651,27.12936,2,0.01
Fevzipaşa Bulvarı,Halit Ziya Bulvarı,38.42249,27.13497,1,0.4
Altınyol Caddesi,Benzinlik Hizası,38.4471,27.17144,1,1.02
Mustafa Kemal Sahil Bulvarı,Göztepe,38.4003,27.09155,1,0.01
Yeşillik Caddesi,Karabağlar Belediyesi Karşısı,38.38857,27.13461,1,0.07
Anadolu Caddesi,Bayraklı Üst Geçit,38.46504,27.16332,1,0.01
Gaziler Caddesi,Tepecik Köprü Sonrası,38.4227,27.1563,1,0.01
Gazi Bulvarı,Basmane Meydan,38.42379,27.14235,1,0.2
Anadolu Caddesi,Turan Köprü Üzeri,38.46735,27.14962,1,0.01
Altınyol Caddesi,Turan Otobüs Durakları,38.4471,27.17144,1,2.9
Mustafa Kemal Sahil Bulvarı,Göztepe Üst Geçit,38.4003,27.09155,1,0.01
Akçay Caddesi,Esbaş Üst Geçit,38.33591,27.13407,1,0
9 Eylül Meydanı,Basmane Fuar Kapısı Önü,38.42342,27.14314,1,0.13
Özmen Caddesi,Kadın Doğum Hastanesi,38.38216,27.1762,1,0.81
Anadolu Caddesi,Arena Sonrası,38.49917,27.05631,1,0.62
Anadolu Caddesi,Naldöken Köprü Üzeri,38.46651,27.12936,1,0.01
Ankara Caddesi,Bayraklı Ayrımı,38.44619,27.17581,1,2.19
Akçay Caddesi,Sarnıç Alt Geçit Üzeri,38.31171,27.143,1,0.15
Mustafa Kemal Sahil Bulvarı,Karantina Alt Geçit Çıkış,38.40839,27.10796,1,0.14
Akçay caddesi,Serbest Bölge Alt Geçit Girişi,38.33659,27.13385,1,0.25
Mustafa Kemal Sahil Bulvarı,Sabancı Lambalar,38.42254,27.13104,1,1.18
Yeşildere Caddesi,Hilal Köprü Çıkışı,38.42652,27.15225,1,0.15
Atatürk Caddesi,Alsancak Gar Önü,38.43835,27.14758,1,0
Akçay Caddesi,Aktepe Üst Geçit Benzinlik Önü,38.35286,27.13357,1,0.02
Anadolu Caddesi,Turan otobüs durakları öncesi,38.46735,27.14962,1,0.01
Yeşildere Caddesi,Mobilya Mağazası Sonu,38.42584,27.15191,1,0.24
Anadolu Caddesi,Turan,38.46735,27.14962,1,0.01
Ankara Caddesi,Yağ Fabrikas,38.45414,27.19721,1,0.01
Şair Eşref Bulvarı,Hocazade Camii,38.4331,27.14394,1,0
Anadolu Caddesi,Çiğli Alt Geçit,38.4944,27.06168,1,0
Gaziler Caddesi,İzsu Öncesi,38.42256,27.14308,1,1.21
Liman Caddesi,Havagazı Fabrika,38.44026,27.15672,1,0.13
Caher Dudayev Bulvarı,Mavişehir Tramvay Durağı,38.47533,27.06773,1,0.01
Atatürk Caddesi,Alsancak Gar,38.43835,27.14758,1,0
Anadolu Caddesi,Çiğli Çevre Yolu,38.4944,27.06168,1,0
Anadolu Caddesi,Dedebaşı Üst Geçit,38.4717,27.10852,1,0.01
Yeşildere Caddesi,Hilal Köprü Üzeri,38.42652,27.15225,1,0.15
Yeşildere Caddesi,Hilal Köprü Üstü Mürsel Paşa Katılımı,38.42652,27.15225,1,0.15
Gazeteci Hasan Tahsin Caddesi,Eşrefpaşa Anadolu Lisesi Hizası,38.40028,27.11332,1,0.06
Anadolu Caddesi,Çiğli Belediyesi,38.4944,27.06168,1,0
Anadolu Caddesi,Serinkuyu Jandarma Öncesi,38.47539,27.10287,1,0.01
Ankara Caddesi,Ege Üniversitesi Viyadük Öncesi,38.46138,27.22944,1,0.19
Liman Caddesi,Havagazı Tramvay Durağı,38.44026,27.15672,1,0.13
Akçay Caddesi,Gaziemir Altgeçit Çıkışı,38.32582,27.13665,1,0.29
Şehitler Caddesi,Atatürk Stadyumu,38.52522,27.05153,1,1.11
Liman Caddesi,Liman C Kapı Önü,38.44025,27.14992,1,0.01
Üniversite Caddesi,Ege Üniversitesi Hastane Kavşağı,38.45837,27.21615,1,1.11
Ankara Caddesi,Ambarlar Kavşağı,38.44937,27.29387,1,0.06
Şehitler Caddesi,Halkapınar Aktarma Köprü Üzeri,38.43406,27.16854,1,0.08
Mürselpaşa Bulvarı,Hilal Köprü Basmane Ayrımı,38.42474,27.14908,1,0.47
Caher Dudayev Bulvarı,Mavibahçe Hizası,38.47516,27.07449,1,0.07
Akdoğan Caddesi,Nato Kavşağı,38.39365,27.14098,1,0.04
Mustafa Kemal Sahil Bulvarı,Göztepe Üstgeçit,38.4003,27.09155,1,0.01
Girne Bulvarı,Girne Kültür Park,38.46233,27.10829,1,0.07
Mustafa Kemal Caddesi,Özkanlar Kavşağı,38.46112,27.20301,1,0.15
Halkapınar Kavşağı,Benzinlik Öncesi,38.43949,27.16826,1,1.66
Fevzipaşa Bulvarı,Basmane Gar Önü,38.42256,27.14308,1,0.06
Mustafa Kemal Sahil Bulvarı,Güzelyalı Kavşağı İç Kesime Dönüş,38.39849,27.0848,1,0.01
Gaziler Caddesi,Kemer Altgeçit,38.42223,27.1504,1,0
Anadolu Caddesi,Turan Köprüsü,38.46735,27.14962,1,0.01
Şehitler Caddesi,Halkapınar Aktarma Lambalar,38.43406,27.16854,1,0.08
Mithatpaşa Caddesi,İstinye Park Önü,38.39739,27.06817,1,0.21
Akçay Caddesi,Karabağlar Belediyesi Hizası,38.3616,27.13716,1,2.54
Yeşildere Caddesi,Tepecik Köprü Üstü Basmane Yol Ayrımı,38.42168,27.1531,1,0.3
Ankara Caddesi,Ege Üniversitesi Hastanesi Köprü Altı,38.45829,27.20983,1,0.07
Anadolu Caddesi,Ziraat Bankası Karşısı,38.47595,27.10165,1,0.02
Ankara Caddesi,Osman Kibar Kavşağı Sonrası,38.46153,27.22847,1,0
Şehitler Caddesi,Halkapınar Otobüs Durakları,38.43406,27.16854,1,0.08
Mithatpaşa Caddesi,Fahrettin Altay Kavşağı Sonrası,38.39696,27.06989,1,0
Gaziler Caddesi,Tepecik Köprü Yan Yolu,38.4227,27.1563,1,0.01
Erdem Caddesi,Eski Buca Mezarlığı Kavşağı,38.38108,27.18327,1,0.08
Üniversite Caddesi,Ege Üniversitesi Kavşağı,38.45837,27.21615,1,1.11
Cemal Gürsel Caddesi,Alaybey Tersane Hizası,38.45567,27.12095,1,0.42
Anadolu Caddesi,Çiğli Çevreyolu Kavşağı Öncesi,38.4944,27.06168,1,0
Önder Caddesi,Gaziemir Kavşağı,38.3213,27.12694,1,0
Mithatpaşa Caddesi,Mehmetçik Bulvarı Girişi,38.39695,27.07001,1,0.22
Aydın Hatboyu Caddesi,Koşu İzban Durağı,38.38325,27.14722,1,0.01
Akçay Caddesi,Sarnıç Köprü Çıkışı,38.31171,27.143,1,0.15
Anadolu Caddesi,Bayraklı ÜSt Geçit Sonrası,38.46504,27.16332,1,0.01
Anadolu Caddesi,Naldöken Köprü Benzinlik Öncesi,38.46651,27.12936,1,0.01
Anadolu Caddesi,Soğukkuyu Benzinlik Önü,38.4684,27.12174,1,0.6
Mithatpaşa Caddesi,Balçova Kavşağı,38.39513,27.05791,1,0.02
Akçay Caddesi,Nilüfer Sokak KEsişim,38.36156,27.13729,1,1.96
Aydınlar Caddesi,Işıkkent Mezarlığı Hizası,38.42621,27.23365,1,0.23
Gazi Osman Paşa Bulvarı,Çankaya Katlı Otopark Önü,38.42346,27.13757,1,0.01
Mustafa Kemal Caddesi,Stadyum Kavşağı,38.45932,27.19377,1,2.2
Menderes Caddesi,Buca Sosyal Güvenlik Merkezi,38.389,27.17029,1,0.63
Menderes Caddesi,İşçievleri Kavşağı,38.39152,27.15532,1,0.32
Eşrefpaşa Caddesi,İzmir Park Hizası,38.41643,27.13541,1,0.68
Mustafa Kemal Sahil Bulvarı,Konak Vİyadükaltı Tramvay Hattı,38.41887,27.12775,1,0.05
Anadolu Caddesi,Çiğli İtfaiye Kavşağı Öncesi,38.4944,27.06168,1,0
Yüzbaşı İbrahim Hakkı Caddesi,Smyrna Kavşağı İçi,38.46198,27.17164,1,0.12
Şair Eşref Bulvarı,İtfaiye Kavşağı,38.42418,27.13779,1,1.05
Anadolu Caddesi,Ege Deniz Bölge Komutanlığı Önü,38.46779,27.15063,1,0.57
Uğur Mumcu Caddesi,Menderes Caddesi kesişimi,38.3869,27.17182,1,0.72
Anadolu Caddesi,Şemikler Üst Geçit Sonrası,38.4779,27.09604,1,0.28
Mithatpaşa Caddesi,İstihkam Viyadüğü Hizası,38.38614,26.94474,1,0.04
Mürselpaşa Bulvarı,Yeşildere Caddesine Katılım,38.4246,27.14886,1,1.51
Anadolu Caddesi,Soğukkuyu Kavşağı öncesi,38.4684,27.12174,1,0.6
Bahriye Üçok Bulvarı,Atatürk Bulvarı Kesişimi,38.60634,27.07809,1,2.01
Menderes Caddesi,Belediye Kavşağı,38.38792,27.17328,1,0.74
Akçay Caddesi,Gaziemir Altgeçit Yanyol,38.32582,27.13665,1,0.29
Caher Dudayev Bulvarı,Mavişehir Tramvay Durağı Öncesi,38.47533,27.06773,1,0.01
Yeşildere Caddesi,Basmane Katılımı Hizası,38.42444,27.15196,1,0.64
Gaziler Caddesi,Kemeraltı Altgeçit,38.42256,27.14308,1,0.98
Saim Çıkrıkçı Caddesi,Bozyaka SSK Hastanesi Önü,38.38921,27.11766,1,0.24
Kemalpaşa Caddesi,Kokluca Mezarlığı Önü,38.42623,27.19263,1,0
Anadolu Caddesi,Turan Otobüs Durağı Sonrası,38.46735,27.14962,1,0.01
Gaziler Caddesi,Kemeraltı Altgeçit Sonrası,38.42256,27.14308,1,0.98
Ankara Caddesi,Bayraklı Tapu Müdürlüğü Önü,38.44619,27.17581,1,2.19
Ankara Caddesi,Bölge Metro İstasyonu Hizası,38.45564,27.20105,1,0.07
Anadolu Caddesi,Naldöken Köprüsü Öncesi,38.46651,27.12936,1,0.01
Anadolu Caddesi,Karşıyaka Katlı Pazar Yeri Hizası,38.4674,27.11658,1,1.06
Anadolu Caddesi,Turan Otobüs Durağı Öncesi,38.46735,27.14962,1,0.01
Ankara Caddesi,Bayraklı Yol Ayrımı Öncesi,38.44619,27.17581,1,2.19
Kaynak Caddesi,Aydın Hatboyu Köprü Altı,38.38047,27.14619,1,1.78
Halil Rıfat Paşa Caddesi,Bahribaba Otobüs Durakları Öncesi,38.41537,27.12828,1,0.09
Cumhuriyet Bulvarı,Cumhuriyet Meydanı Kavşağı,38.42924,27.13488,1,0.06
Anadolu Caddesi,Liman Ayrımı Öncesi,38.43966,27.17231,1,1.53
Akçay Caddesi,Sarnıç Kavşağı Üst Geçit Çıkışı,38.31171,27.143,1,0.15
Anadolu Caddesi,Bostanlı İskele Hizası,38.47005,27.1111,1,1.82
Menderes Caddesi,Şirinyer İzban Durağı Hizası,38.3935,27.14879,1,0.13
Atatürk Caddesi,Alsancak Polis Karakolu Önü,38.4386,27.14757,1,0.05
Aydınlar Caddesi,Ayakkabıcılar Sitesi Kavşağı,38.42426,27.23661,1,0.48
Yeşildere Caddesi,Basmane Yol Ayrım Sonrası,38.42444,27.15196,1,0.64
Akçay Caddesi,Serbest Bölge Alt Girişi,38.33659,27.13385,1,0.25
Anafartalar Caddesi,Basmane Gar Sonrası,38.42214,27.14348,1,0
Anadolu Caddesi,Harmandalı Alt Geçit Sonrası,38.51897,27.03993,1,1.85
Fevzipaşa Bulvarı,Halit Ziya Bulvarı Kesişimi,38.42249,27.13497,1,0.4
Ankara Caddesi,Bornova Çevreyolu Ayrımı,38.45858,27.2126,1,0.01
Akçay Caddesi,Sarnıç Kavşağı İçi,38.31171,27.143,1,0.15
Menderes Caddesi,MTK Kavşağı,38.40372,27.15065,1,2.31
Plevne Bulvarı,Lozan Meydanı Öncesi,38.43004,27.14154,1,0.02
Manas Bulvarı,PTT İşletme Müdürlüğü Hizası,38.44824,27.18081,1,1.14
Gaziler Caddesi,Yeşildere Viyadük Altı,38.422,27.1519,1,1.18
Gaziler Caddesi,Basmane Gar Öncesi,38.42226,27.14481,1,0
Fevzipaşa Bulvarı,Şehit Fethibey Caddesi Kesişimi,38.42248,27.13269,1,0.17
Gazi Osman Paşa Bulvarı,İtfaiye Kavşağı,38.41995,27.13687,1,0.68
Gazi Osman Paşa Bulvarı,Çankaya Katlı Otopark Hizası,38.42346,27.13757,1,0.01
Şehitler Caddesi,Halkapınar Aktarma Önü,38.43406,27.16854,1,0.08
Eşrefpaşa Caddesi,Çinili Camii Hizası,38.40203,27.12938,1,0.28
Şair Eşref Bulvarı,Hocazade Camii Öncesi,38.4331,27.14394,1,0
Ordu Bulvarı,Karşıyaka İlçe Emniyet Öncesi,38.46769,27.10991,1,1.17
Anadolu Caddesi,Naldöken Köprü Öncesi Benzinlik Hizası,38.46651,27.12936,1,0.01
Yeşildere Caddesi,Mobilya Mağazası,38.42584,27.15191,1,0.24
Mürselpaşa Bulvarı,Hilal Köprü Katılımı,38.42474,27.14908,1,0.47
Akçay Caddesi,Gaziemir Altgeçit Girişi,38.32582,27.13665,1,0.29
Gazi Osman Paşa Bulvarı,Çankaya,38.42346,27.13757,1,0.01
Altınyol Caddesi,Alsancak Ayrımı Öncesi,38.44261,27.17074,1,1.94
Sarnıç Yolu,Sarnıç Köprü İnişi,38.31154,27.14452,1,0.06
Eşrefpaşa Caddesi,İzmir Park Öncesi,38.41643,27.13541,1,0.68
Anadolu Caddesi,Soğukkuyu Üst Geçit Öncesi,38.4684,27.12174,1,0.6
Üniversite Caddesi,Ege Üniversitesi Hastanesi Kavşağı,38.45775,27.20988,1,0.01
Mustafa Kemal Sahil Bulvarı,Karantina Altgeçit Sonrası,38.40839,27.10796,1,0.14
Manas Bulvarı,Adliye Kavşağı,38.44995,27.17987,1,0.01
Eşrefpaşa Caddesi,Kestelli Caddesi Kesişimi,38.4158,27.13503,1,0
Mustafa Kemal Sahil Bulvarı,Karantina Altgeçit Öncesi,38.40839,27.10796,1,0.14
Caher Dudayev Bulvarı,Otoyol Girişi,38.46424,27.09542,1,2.62
Şair Eşref Bulvarı,Lozan Meydan Öncesi,38.43102,27.14265,1,0
Kamil Tunca Bulvarı,Kahveler Durağı,38.43033,27.19954,1,0
Cemal Gürsel Caddesi,Atatürk Anıtı Hizası,38.45574,27.0994,1,0.32
Mustafa Kemal Sahil Bulvarı,Konak Tünelinden Bağlantı Noktası,38.41887,27.12775,1,0.05
Doğuş Caddesi,Tınaztepe Kavşağı Sonrası,38.37532,27.19201,1,0.17
İnönü Caddesi,Göztepe Gürsel Aksel Stadyum Kavşağı,38.39605,27.09427,1,0.01
Ankara Caddesi,Türkan Özilhan Devlet Hastanesi Öncesi,38.45792,27.25094,1,0.03
Anadolu Caddesi,Şemikler Mezarlık Öncesi,38.4779,27.09604,1,0.28
Cemal Gürsel Caddesi,Nikah Sarayı Öncesi,38.44999,27.11055,1,0.03
Cemal Gürsel Caddesi,Naldöken Köprü İnişi,38.46585,27.13001,1,0.04
Mustafa Kemal Sahil Bulvarı,Konak Pier Üst Geçit Öncesi,38.41887,27.12775,1,0.05
Eşrefpaşa Caddesi,İzmir Park AVM Hizası,38.41643,27.13541,1,0.68
İnciraltı Caddesi,İnciraltı Köprüsü,38.41006,27.03409,1,0
Talatpaşa Bulvarı,Kıbrıs Şehitleri Caddesi,38.43574,27.14501,1,0.35
Yeşillik Caddesi,Ballıkuyu Caddesi Katılımı,38.4021,27.1301,1,2.31
Çevreyolu,Bornova Viyadüğü,38.46551,27.20321,1,0.05
Yalı Bulvarı,Naldöken Köprülü Kavşağı,38.46432,27.12941,1,0.08
Hasan Ali Yücel Bulvarı,Bostanlı İskele,38.45486,27.09682,1,0.02
Anadolu Caddesi,Ege Üniversitesi Karşıyaka Yerleşkesi Hizası,38.43966,27.17231,1,1.89
Akçay Caddesi,Esbaş Sonrası,38.33674,27.13382,1,0.02
Eşrefpaşa Caddesi,Eşrefpaşa Kavşağı,38.4089,27.12877,1,0
Gaziler Caddesi,Tepecik Üstgeçit Altı,38.4227,27.1563,1,0.01
Akçay Caddesi,Esbaş Altgeçit Çıkışı,38.33674,27.13382,1,0.02
Akçay Caddesi,Gaziemir Altgeçit,38.32582,27.13665,1,0.29
Akçay Caddesi,Sarnıç Altgeçit Girişi,38.31171,27.143,1,0.15
Cumhuriyet Bulvarı,Konak Pier Önü,38.42248,27.13116,1,0.15
Eşrefpaşa Caddesi,İzmir Park Avm Hizası,38.41643,27.13541,1,0.68
Mithatpaşa Caddesi,Agora Avm Hizası,38.36344,26.77195,1,2.76
Mustafa Kemal Sahil Bulvarı,Göztepe Kavşağo,38.4003,27.09155,1,0.01
Fevzipaşa Bulvarı,Konak Pier Sonrası,38.42248,27.13116,1,0.15
Akçay Caddesi,Gaziemir İlçe Emniyet Müdürlüğü Hizası,38.31679,27.14045,1,0.01
Halil Rıfat Paşa Caddesi,Konak Viyadük Altı Kavşağı,38.41537,27.12828,1,0.18
Anadolu Caddesi,Soğukkuyu Kavşağı Hizası,38.4684,27.12174,1,0.6
Akçay Caddesi,Esbaş Üst Geçit Öncesi,38.33674,27.13382,1,0.02
Atatürk Caddesi,Sebze Hali Önü,38.29776,27.17618,1,0.3
Anadolu Caddesi,Tepecik Hastanesi Karşıyaka Semt Pol. Hizası,38.43966,27.17231,1,2.35
Kemalpaşa Caddesi,Işıkkent Mezarlığı Sonrası,38.43234,27.22872,1,0.18
Eşrefpaşa Caddesi,Eşrefpaşa Cami Sonrası,38.4089,27.12877,1,0
Anadolu Caddesi,Turan İzban Durağı,38.46735,27.14962,1,0.01
Sarnıç Yolu,Sarnıç Kavşağı Öncesi,38.31154,27.14452,1,0.06
Yeşildere Caddesi,Konak Tüneli Katılımı Öncesi,38.40721,27.14447,1,1.78
Şair Eşref Bulvarı,Atatürk Lisesi Önü,38.42884,27.14152,1,0.12
Üniversite Caddesi,Ege Üniversitesi Acil Girişi Önü,38.45837,27.21615,1,1.11
Anadolu Caddesi,Naldöken köprü Sonrası,38.46651,27.12936,1,0.01
Aydınlar Caddesi,Ayakkabıcılar Sitesi Otoban Girişi,38.42426,27.23661,1,0.48
Şehitler Caddesi,Halkapınar Köprü Altı Çınarlı Dönüşü,38.43406,27.16854,1,0.08
Ankara Caddesi,Naldöken Kavşağı Viyadük Üstü,38.45276,27.26592,1,0.07
Menderes Caddesi,Buca Cezaevi Önü,38.39077,27.16071,1,0.01
Anadolu Caddesi,Soğukkuyu Yeni Girne Yol Ayrımı,38.4684,27.12174,1,0.6
Liman Caddesi,Alsancak Gar Önü,38.43965,27.14807,1,0.01
Liman Caddesi,Liman Köprü Üstü,38.44025,27.14992,1,0.01
Anadolu Caddesi,Ege Üniversitesi Karşıyaka Yerleşkesi,38.43966,27.17231,1,1.89
Gaziler Caddesi,İzsu Önü,38.42256,27.14308,1,1.21
Fevzipaşa Bulvarı,Çankaya Kavşağı Öncesi,38.42249,27.136,1,0
Cemal Gürsel Caddesi,Karşıyaka Anıt Hizası,38.45566,27.12088,1,0.11
Özmen Caddesi,Çevik Bir Meydanı,38.38323,27.17083,1,0.02
Akçay Caddesi,Semt Garajı Karşısı,38.35739,27.13539,1,0.06
Anafartalar Caddesi,Basmane Gar Önü,38.42214,27.14348,1,0
Anadolu Caddesi,Turan Üst geçit Öncesi,38.46735,27.14962,1,0.01
Mürselpaşa Bulvarı,Hilal köprü Sonrası,38.42474,27.14908,1,0.47
Cumhuriyet Bulvarı,Konak Pier Üst Geçit Hizası,38.42248,27.13116,1,0.15
Fevzipaşa Bulvarı,Çankaya Metro,38.42249,27.136,1,0
Eşrefpaşa Caddesi,Şelale Parkı Benzin İstasyon Önü,38.40203,27.12938,1,0.8
Yeşillik Caddesi,Karabağlar Belediyesi Önü Yan Yol,38.38857,27.13461,1,0.07
Akçay Caddesi,Sarnıç köprü Çıkışı,38.31171,27.143,1,0.15
Akçay Caddesi,Optimum Alt Geçit Girişi,38.33768,27.13379,1,0.08
Ankara Caddesi,Ege Üniversitesi Yol Ayrımı Hizası,38.46138,27.22944,1,0.19
Mürselpaşa Bulvarı,Basmane KAtılım Öncesi,38.42397,27.14471,1,0.12
Akçay Caddesi,Gaziemir Serbest Bölge Hizası,38.32582,27.13665,1,0.29
Doğuş Caddesi,Tınaztepe Hastane Kavşağı,38.37532,27.19201,1,0.17
Sarnıç Yolu,Sarnıç Köprü Çıkışı,38.31154,27.14452,1,0.06
Doğuş Caddesi,Tınaztepe Kampüs Girişi,38.37532,27.19201,1,0.17
Eşrefpaşa Caddesi,Eşrefpaşa Cami Önü,38.4089,27.12877,1,0
Halil Rıfat Paşa Caddesi,Konak Viyadük Girişi,38.41537,27.12828,1,0.18
Mithatpaşa Caddesi,Çağdaş Caddesi Kavşağı,38.39396,27.0456,1,0.01
Ankara Caddesi,Özkanlar Girişi,38.45722,27.20501,1,0.32
Kamil Tunca Bulvarı,Kartal Durağı Kavşağı Öncesi,38.43231,27.19065,1,0
Yeşildere Caddesi,Konak Tüneli Ayrımı,38.40721,27.14447,1,1.78
İzmir Sarnıç Yolu,Sarnıç Köprü Üzeri,38.31154,27.14452,1,0.06
Anadolu Caddesi,Sahil Ayrımı,38.43966,27.17231,1,2.21
Yeşildere Caddesi,Hastane Önü,38.42652,27.15225,1,0.82
Akçay Caddesi,Gaziemir Alt geçit İçi,38.31679,27.14045,1,0.01
Mustafa Kemal Caddesi,Migros Kavşağı,38.46608,27.21904,1,0.08
Cemal Gürsel Caddesi,Karşıyaka İskele Önü,38.45567,27.12095,1,0.05
Aydınlar Caddesi,Işıkkent Mezarlık Kavşağı,38.42621,27.23365,1,0.23
Anadolu Caddesi,Evka 5 Kavşağı,38.50838,27.04728,1,0.46
Ankara Caddesi,Bornova Viyadük Sonrası,38.45858,27.2126,1,0.01
Mithatpaşa Caddesi,Dokuz Eylül Üniversitesi Hastanesi,38.39433,27.03818,1,0
Mustafa Kemal Sahil Bulvarı,Konak Subay Ordu Evi Hizası,38.41887,27.12775,1,0.05
Cumhuriyer Bulvarı,İzmir Sosyal Güvenlik İl Müdürlüğü,38.42248,27.13116,1,0.36
Ankara Caddesi,Bayraklı İlçe Sağlık Md. Hizası,38.44619,27.17581,1,2.19
Mithatpaşa Caddesi,Mithatpaşa Alt Geçir Çıkışı,38.40693,27.10631,1,0.01
Mehmet Akif Caddesi,İzban Önü,38.27753,27.19361,1,2.69
Mustafa Kemal Sahil Bulvarı,Güzelyalı Tramvay Durağı,38.39849,27.0848,1,0.01
Mithatpaşa Caddesi,Narlıdere Otoban Kavşağı,38.39548,27.00123,1,0.01
Mithatpaşa Caddesi,Göztepe Spor Kulubü Hizası,38.39978,27.09214,1,0.07
İzmir Sarnıç Yolu,Sarnıç Köprü Sonrası,38.31154,27.14452,1,0.06
Yeşillik Caddesi,Karabağlar Belesiye Hizası,38.38424,27.13463,1,0.15
Mustafa Kemal Sahil Bulvarı,Göztepe İstasyon Önü,38.4003,27.09155,1,0.01
Yalı Bulvarı,Tersane Kavşağı,38.46269,27.12808,1,0.01
Altınyol Caddesi,Bayraklı Üst Geçit,38.4471,27.17144,1,1.95
Yeşildere Caddesi,Ballıkuyu Caddesi Katılım,38.41693,27.15518,1,0.43
Şehitler Caddesi,Üniversite Tramvay Durağı Sonrası,38.43729,27.16073,1,0
Mustafa Kemal Sahil Bulvarı,Konak Vapur İskele Sonrası,38.41887,27.12775,1,0.05
Akçay Caddesi,Havalimanı Kavşağı Girişi,38.31029,27.1424,1,2.08
Halil Rıfat Paşa Caddesi,Konak Yaya Üst Geçit Öncesi,38.41537,27.12828,1,0.18
Akdoğan Caddesi,Nato Hizası,38.39365,27.14098,1,0.04
Alim Dağhan Caddesi,Şemikler Kavşağı Öncesi,38.48319,27.09692,1,0.87
Cemal Gürsel Caddesi,Muammer Aksoy Parkı Hizası,38.45567,27.12095,1,0.38
Anadolu Caddesi,Çiğli Alt Geçit Hizası,38.4944,27.06168,1,0
Mithatpaşa Caddesi,Hilal Köprü Üstü,38.4158,27.12712,1,2.6
Altınyol Caddesi,Liman Ayrımı Sonrası,38.44261,27.17074,1,1.4
Yeşildere Caddesi,Basmane Katılımı,38.42444,27.15196,1,0.64
Smyrna Meydanı,Smyrna Kavşağı,38.46184,27.17154,1,0.12
Şehitler Caddesi,Stadyum Tramvay Durağı,38.43317,27.17978,1,1.02
Akçay Caddesi,Sarnıç Alt Geçit Önesi,38.31171,27.143,1,0.15
Ankara Caddesi,Bölge Metro Üst Geçit Sonrası,38.45564,27.20105,1,0.07
Kemalpaşa Caddesi,Otogar Kavşak,38.42833,27.21501,1,0
Ankara Caddesi,Bornova Türkan ÖZilhan Hastanesi Sonrası,38.45858,27.2126,1,0.01
Şair Eşref Bulvarı,Dr. Mustafa Enver Bey Caddesi Kesişimi,38.43183,27.14303,1,0.36
Mithatpaşa Caddesi,Güzelbahçe Kavşağı Öncesi,38.37567,26.87552,1,0.02
Manas Bulvarı,Adliye Hizası,38.44995,27.17987,1,0.01
Mehmet Akif Caddesi,Şirinyer İzban Hizası,38.39312,27.1473,1,0.01
Yeşildere Caddesi,Konak Tüneli Girişi,38.40721,27.14447,1,1.78
Kemalpaşa Caddesi,Yeşilçam Kavşağı,38.44889,27.29736,1,0.25
Eşrefpaşa Caddesi,Eşrefpaşa Otobüs Durakları Önü,38.4089,27.12877,1,0
Fevzipaşa Bulvarı,Basmane PTT Merkez Binası Hizası,38.42256,27.14308,1,0.06
Anadolu Caddesi,Çiğli Belediye Önü,38.4944,27.06168,1,0
Yeşillik Caddesi,Karabağlar Belediye Önü Kavşak İçi,38.38424,27.13463,1,0.15
Şaie Eşref Bulvarı,Lozan Meydanı,38.43102,27.14265,1,0
Şaie Eşref Bulvarı,Montrö Meydanı Sonrası,38.42844,27.14141,1,0
Hasan Güven Caddesi,Uğur Okulları Hizası,38.3348,27.13299,1,0.04
Gazi Bulvarı,İtfaiye Kavşağı,38.42444,27.13217,1,0.86
Menderes Caddesi,Buca Belediye Hizası,38.389,27.17029,1,0.63
Mehmet Akif Caddesi,Şirinyer Metro Hizası,38.39312,27.1473,1,0.01
Mithatpaşa Caddesi,Dokuz Eylül Üniversitesi Hastanesi Sonrası,38.39433,27.03818,1,0
Anadolu Caddesi,Naldöken Köprü Üncesi,38.46651,27.12936,1,0.01
Yalı Bulvarı,Naldöken Köprü İnişi,38.46432,27.12941,1,0.08
İnönü Caddesi,Poligon Işıklar,38.39326,27.08483,1,0
Ozan Abay Caddesi,Adliye Ayrımı,38.44907,27.17309,1,0.61
Atatürk Caddesi,Cennet Vadisi Hizası,38.29776,27.17618,1,0.3
Kemalpaşa Caddesi,Otogar Kavşağı Sonrası,38.42833,27.21501,1,0
İstanbul Caddesi,Osman Kibar Kavşağı,38.46409,27.22696,1,0.24
Mustafa Kemal Sahil Bulvarı,Üçkuyular Tramvay Durağı,38.40326,27.07148,1,0.01
Anadolu Caddesi,Çiğli Viyadük Altı,38.4944,27.06168,1,0
Altınyol Caddesi,Bayraklı Köprü Altı,38.4471,27.17144,1,1.95
Atatürk Caddesi,Tekel Alsancak Gar Sonrası,38.43686,27.1476,1,0.07
Menderes Caddesi,Şirinyer Park Hizası,38.3935,27.14879,1,0.13
Homeros Bulvarı,Buca Ayrımı,38.4006,27.15581,1,2.2
Altınyol Caddesi,Turan Üst Geçit Hizası,38.4471,27.17144,1,2.9
Atatürk Caddesi,Alsancak Polis Merkezi Hizası,38.44069,27.1467,1,0.01
Gaziosmanpaşa Bulvarı,Çankaya Katlı Otopark Hizası,38.42346,27.13757,1,0.01
Cemal Gürsel Caddesi,Atatürk Anıtı Sonrası,38.45574,27.0994,1,0.32
Şehit Süleyman Ergin Caddesi,Şehit Süleyman Ergin Caddesi,38.35124,27.12796,1,0.01
Mürselpaşa Bulvarı,Liman Yol Ayrımı,38.42474,27.14908,1,1.58
Mithatpaşa Caddesi,Karataş Kavşağı Öncesi,38.4099,27.12051,1,0
Fevzipaşa Bulvarı,Basmane PTT Merkez Müdürlüğü Öncesi,38.42256,27.14308,1,0.06
Mehmet Akif Caddesi,Beyazıt Aykut Parkı,38.39295,27.14861,1,0.02
Şair Eşref Bulvarı,Tekel Kavşağı,38.4358,27.14645,1,0.01
Şehitler Caddesi,Tepecik Köprü Altı,38.4357,27.1644,1,1.61
Ankara Caddesi,Zafer Payzın,38.44619,27.17581,1,0.17
Mimar Sinan Caddesi,TRT Bölge Müdürlüğü Hizası,38.43119,27.14969,1,0.1
Kemalpaşa Caddesi,Şehitler Orta Okulu Hizası,38.42626,27.19548,1,0
Fevzipaşa Bulvarı,Çankaya Metro Öncesi,38.42249,27.136,1,0
Mustafa Kemal Sahil Bulvarı,Fahrettin Altay Dönüşü,38.40002,27.06554,1,0.4
Anadolu Caddesi,Shell Benzinlik Hizası,38.51343,27.04408,1,0.03
Anadolu Caddesi,Maltepe Kavşağı Sonrası,38.48957,27.06954,1,0.29
Eşrefpaşa Caddesi,İkiçeşmelik Özel Eğitim Merkezi Hizası,38.41432,27.1342,1,0
Mithatpaşa Caddesi,Fahrettin Altay Meydan Öncesi,38.39696,27.06989,1,0
Şehitler Caddesi,Halkapınar Metro Önü,38.43359,27.16912,1,0.01
Yeni Girne Bulvarı,Yeni Girne Viyadük Öncesi,38.47697,27.11564,1,0.01
Altınyol Caddesi,Liman Katılımı,38.44261,27.17074,1,1.4
Girne Bulvarı,Yeni Girne Viyadük Öncesi,38.47033,27.11194,1,0.66
Halil Rıfat Paşa Caddesi,Konak Viyadük Katılımı,38.41537,27.12828,1,0.18
Hasan Ali Yücel Bulvarı,Bostanlı Feribot Kavşağı,38.45493,27.09709,1,0.26
Eşrefpaşa Caddesi,İkiçeşmelik,38.41432,27.1342,1,0
Ozan Abay Caddesi,Smyrna Kavşağı Öncesi,38.45977,27.16734,1,0.48
İnönü Caddesi,Hatay Metro Durağı Öncesi,38.40153,27.10282,1,0
Yalı Bulvarı,Alaybey Kavşağı,38.46022,27.12694,1,0.03
Şehitler Caddesi,Şehitler Benzinlil Öncesi,38.43295,27.18056,1,1.42
Gaziler Caddesi,Basmane Kavşağı Öncesi,38.42213,27.14349,1,0
Manas Bulvarı,Smyrna Kavşağı Öncesi,38.4611,27.17252,1,0.01
Doğuş Caddesi,Tınaztepe Kavşağı Öncesi,38.37532,27.19201,1,0.17
Talatpaşa Bulvarı,Tekel Meydanı,38.43622,27.14625,1,0.04
Kemalpaşa Caddesi,Işıkkent Mezarlık Öncesi,38.43118,27.22551,1,0.14
Anadolu Caddesi,Naldöken Yaya Geçidi Sonrası,38.46651,27.12936,1,0.01
Haydar Aliyev Bulvarı,Üçkuyular Feribor İskelesi Girişi,38.4035,27.07164,1,0.04
Şehitler Caddesi,Alsancak Gar Sonrası,38.43818,27.14953,1,0.03
Birleşmiş Milletler Caddesi,Fatih Camii Hizası,38.41148,27.12787,1,0
Akçay Caddesi,Sarnıç Köprü İnişi,38.31171,27.143,1,0.15
Caher Dudayev Bulvarı,Mustafa Kemal Atatürk Spor Salonu,38.47516,27.07481,1,0.01
Anadolu Caddesi,Evka 5 Kavşağı Sonrası,38.50838,27.04728,1,0.46
Üniversite Caddesi,Ege Üniversitesi Hastanesi Kavşak İçi,38.45775,27.20988,1,0.01
Şehitler Caddesi,Halkapınar Aktarma Sonrası,38.43406,27.16854,1,0.08
Anadolu Caddesi,Tersane Ayrımı,38.46606,27.1301,1,0.41
Anadolu Caddesi,Çiğli Çevreyolu Viyadük Altı,38.4944,27.06168,1,0
Mehmetçik Bulvarı,Fahrettin Altay Meydanı,38.39692,27.06997,1,0.01
Yeşillik Caddesi,Aktepe Üst Geçit Altı,38.36156,27.13729,1,1.01
Yeşillik Caddesi,Gediz Kavşağı Sonrası,38.36185,27.13735,1,0.61
Halil Rıfat Paşa Caddesi,Konak Yaya Üst Geçit Hizası,38.41537,27.12828,1,0.18
Cemal Gürsel Caddesi,Alaybey Tramvay Durağı Sonrası,38.45567,27.12095,1,0.42
Girne Bulvarı,Yeni Girne Kavşağı,38.47033,27.11194,1,0.66
Yüzbaşı İbrahim Hakkı Caddesi,Smyrna Kavşağı Sonrası,38.46198,27.17164,1,0.12
Akçay Caddesi,Aktepe Üst Geçit Öncesi,38.35286,27.13357,1,0.02
Mürselpaşa Bulvarı,Yeşildere Caddesi Katılımı,38.4246,27.14886,1,1.51
Mithatpaşa Caddesi,Güzelbahçe Katık Hizası,38.37567,26.87552,1,0.02
Halide Edip Adıvar Caddesi,Şelale Parkı Hizası,38.39618,27.13289,1,0.11
Akçay Caddesi,Sarnıç Kavşk İçi,38.31171,27.143,1,0.15
Menderes Caddesi,İşçievleri Kavşağı Sonrası,38.39152,27.15532,1,0.32
Şehitler Caddesi,Benzinlik Hizası,38.43317,27.17978,1,1.78
İnönü Caddesi,Yeşilyurt Kavşak İçi,38.40253,27.11476,1,0.06
Üniversite Caddesi,Ege Üniversitesi Hastanesi Yol Ayrımı,38.45775,27.20988,1,0.01
Anadolu Caddesi,Bayraklı Yan Yol,38.46504,27.16332,1,0.01
Anadolu Caddesi,Çiğli Kavşağı,38.4944,27.06168,1,0
Caher Dudayev Bulvarı,Karya Evleri Kavşağı,38.47842,27.06552,1,0.01
Yeşillik Caddesi,Konak Belediyesi Öncesi,38.40093,27.13048,1,0.09
Haydar Aliyev Bulvarı,Balçova Emniyet Müdürlüğü Hizası,38.40529,27.05679,1,1.04
Menderes Caddesi,Buca Heykel Meydanı,38.389,27.17029,1,0.63
Gürçeşme Caddesi,Yeşildere Yol Ayrımı,38.40873,27.15777,1,0.51
Anadolu Caddesi,Evka 5 Kavşağı Öncesi,38.50838,27.04728,1,0.46
Gürçeşme Caddesi,Gürçeşme Yeni Cami Hizası,38.41316,27.1613,1,0
Cumhuriyet Bulvarı,Dokuz Eylül Üniversitesi Rektörlük Önü,38.43073,27.13629,1,0.06
Eşrefpaşa Caddesi,Yağhaneler Kavşağı,38.40203,27.12938,1,0.43
Mithatpaşa Caddesi,Fahrettin Altay Köprü Altı,38.39696,27.06989,1,0
Gaziler Caddesi,İtfaiye Kavşağı,38.61157,27.35844,1,0.06
Mehmet Akif Caddesi,Şirinyer İzban Sonrası,38.39312,27.1473,1,0.01
Talatpaşa Bulvarı,Gazi Ortaokulu Hizası,38.43402,27.14114,1,0.04
Yeşildere Caddesi,Basmane Bağlantı Noktası,38.42444,27.15196,1,0.64
Mustafa Kemal Sahil Bulvarı,Göztepe KAvşağı,38.4003,27.09155,1,0.01
Yeşillik Caddesi,Konak Tüneli İşletme Şefliği Hizası,38.40213,27.1294,1,1.62
Girne Caddesi,Soğukkuyu Kavşağı Öncesi,38.47033,27.11194,1,0.74
Yalı Bulvarı,Karşıyaka Vapur İskelesi Sonrası,38.45531,27.11968,1,0.01
İnönü Caddesi,Göztepe Kavşağı,38.39605,27.09427,1,0.01
Manas Bulvarı,Manavkuyu Kavşağı Sonrası,38.45714,27.17579,1,1.43
Ata Caddesi,Balçova Belediyesi Hizası,38.38512,27.05846,1,0.03
Uğur Mumcu Caddesi,Buca Heykel Öncesi,38.38329,27.1687,1,0.02
Girne Caddesi,Girne Pazaryeri Hizası,38.47033,27.11194,1,0.98
Cumhuriyet Bulvarı,Dokuz Eylül Rektörlük Sonrası,38.43056,27.13594,1,0
Yeni Girne Bulvarı,Yeni Girne Kavşağı,38.47697,27.11564,1,0.01
Mithatpaşa Caddesi,Narlıdere İstihkam Viyadüğü,38.39548,27.00123,1,0.01
Anadolu Caddesi,Harmandalı Alt Geçit Öncesi,38.51897,27.03993,1,1.85
Girne Caddesi,Yeni Girne Kavşağı,38.47033,27.11194,1,0.66
Pınar Caddesi,BMC Kavşağı Sonrası,38.43712,27.25672,1,0.14
Yalı Bulvarı,Karşıyaka İskele Sonrası,38.45593,27.12214,1,0.01
Anadolu Caddesi,Evka 5 Öncesi,38.50838,27.04728,1,0.46
Mithatpaşa Caddesi,Narlıdere İtfaiye Hizası,38.39389,27.01498,1,0
İnönü Caddesi,Fahrettin Altay Meydanı Sonrası,38.39695,27.07004,1,0.01
Şehitler Caddesi,Alsancak Stadı Sonrası,38.43818,27.14953,1,0.03
Manas Bulvarı,Smyrna Meydanı Sonrası,38.4611,27.17252,1,0.01
Eşrefpaşa Caddesi,Selahattin Akçiçek Kültür Merkezi Hizası,38.41074,27.12871,1,0.07
Mithatpaşa Caddesi,Fahrettin Altay Meydanı Sonrası,38.39696,27.06989,1,0
Anadolu Caddesi,Çiğli İtfaiye Sonrası,38.4944,27.06168,1,0
Mustafa Kemal Sahil Bulvarı,Konak Tünelleri,38.41887,27.12775,1,0.05
İzmir Çeşme Otoyolu,Narlıdere İstihkam Viyadüğü Sonrası,38.39772,27.00111,1,0.25
Şehitler Caddesi,Benzinlik Kavşağı,38.43317,27.17978,1,1.78
Mustafa Kemal Sahil Bulvarı,Fevzi Paşa Bulvarı,38.4175,27.12673,1,0.34
Mustafa Kemal Sahil Bulvarı,Göztepe Tramvay Durağı,38.4003,27.09155,1,0.01
Cemal Gürsel Caddesi,Yunuslar Kavşağı,38.45093,27.106,1,0.01
Anadolu Caddesi,Soğukkuyu Cami Hizası,38.4684,27.12174,1,0.6
Cengizhan Caddesi,Ege Üniversitesi Konukevi Hizası,38.46409,27.22696,1,0.51
Şair Eşref Bulvarı,Tekel Meydanı Öncesi,38.4358,27.14645,1,0.01
Akçay Caddesi,Gaziemir Üst Geçit Altı,38.32582,27.13665,1,0.29
Girne Bulvarı,Yeni Girne Köprü Üstü,38.47033,27.11194,1,0.66
İnönü Caddesi,Hıfzıssıhha Kavşağı Sonrası,38.3932,27.08805,1,0.01
Akçay Caddesi,Sarnıç Köprü Girişi,38.31171,27.143,1,0.15
Menderes Caddesi,Şirinyer Tapu Hizası,38.3935,27.14879,1,0.13
Anadolu Caddesi,Salhane İzban Durağı Hizası,38.4505,27.17189,1,0.03
Eşrefpaşa Caddesi,Eşrefpaşa Camii Öncesi,38.4089,27.12877,1,0
Gaziler Caddesi,Aziziye Parkı,38.42204,27.15228,1,0.13
Anadolu Caddesi,Çiğli Alt Geçit Girişi,38.4944,27.06168,1,0
Mürselpaşa Bulvarı,Basmane yol Ayrımı Sonrası,38.42397,27.14471,1,0.12
Önder Caddesi,Migros Kavşağı,38.32614,27.13927,1,1.2
Haydar Aliyev Bulvarı,Balçova Emniyet Müdürlüğü,38.40529,27.05679,1,1.04
Caher Dudayev Bulvarı,Mavişehir Kavşağı,38.47533,27.06773,1,0.01
İnönü Caddesi,Fahrettin Altay Kavşağı Sonrası,38.39695,27.07004,1,0.01
Mürselpaşa Bulvarı,Halkapınar Köprü Üstü,38.42474,27.14908,1,1.52
Mithatpaşa Caddesi,Ege Park Kavşağı Öncesi,38.39426,27.05471,1,0.9
Anadolu Caddesi,Turan İzban Durağı Hizası,38.46735,27.14962,1,0.01
Hasan Ali Yücel Bulvarı,Mavişehir Girişi,38.46568,27.08208,1,0.3
Gaziler Caddesi,Basmane Kavşağı,38.42213,27.14349,1,0
Homeros Bulvarı,Konak Tüneli Öncesi,38.4025,27.14404,1,2.12
Atatürk Caddesi,Gar Kavşağı,38.29776,27.17618,1,0.3
Yeşildere Caddesi,Gaziler Caddesi Bağlantısı,38.41063,27.15508,1,2.94
Mürselpaşa Bulvarı,Basmane Meydanı Öncesi,38.42397,27.14471,1,0.12
Gazi Osman Paşa Bulvarı,Çankaya Kavşağı Öncesi,38.42346,27.13757,1,0.01
Ankara Caddesi,Ege Üniversitesi Kavşağı Öncesi,38.46138,27.22944,1,0.19
Yeşillik Caddesi,Karabağlar Kavşağı Öncesi,38.38424,27.13463,1,0.15
Atatürk Caddesi,Alsancak Gar Kavşağı,38.43835,27.14758,1,0
İnönü Caddesi,Göztepe Stadı Hizası,38.39605,27.09427,1,0.01
Mürselpaşa Bulvarı,Basmane Yık Ayrımı,38.42397,27.14471,1,0.12
Akçay Caddesi,Aktepe Üst Geçit Altı,38.35286,27.13357,1,0.02
Gaziler Caddesi,Eşrefpaşa Hastanesi Kavşağı Sonrası,38.42339,27.16035,1,0.1
Gaziler Caddesi,Ege Doğum Evi Hizası,38.42266,27.15517,1,0.8
Yeşildere Caddesi,Basmane Kavşağı Sonrası,38.42444,27.15196,1,0.64
Mustafa Kemal Caddesi,Özkanlar Migros Kavşağı,38.46112,27.20301,1,0.15
Altınyol Caddesi,Liman Yol ayrımı Öncesi,38.44261,27.17074,1,1.4
Anadolu Caddesi,Karşıyaka Yol Ayrımı,38.4674,27.11658,1,1.06
Anadolu Caddesi,Harmandalı Alt Geçit İçi,38.51819,27.04077,1,0.97
Atatürk Caddesi,Alsancak Gar Kavşağı Sonrası,38.43835,27.14758,1,0
Yalı Bulvarı,Naldöken Köprü Sonrası,38.46432,27.12941,1,0.08
Yalı Bulvarı,Alaybey Tersane Kavşak İçi,38.46104,27.12764,1,0.01
Cumhuriyet Bulvarı,Konak Vapur İskelesi Hizası,38.42248,27.13116,1,0.15
Menderes Caddesi,Havalimanı Kavşak İçi,38.29329,27.13999,1,0.5
Eşrefpaşa Caddesi,Eşrefpaşa Polis Merkezi Hizası,38.4089,27.12877,1,0
Anadolu Caddesi,Çiğli Kaymakamlık Sonrası,38.4944,27.06168,1,0
Halil Rıfat Paşa Caddesi,Konak Yaya Üst Geçit Altı,38.41537,27.12828,1,0.18
Halide Edip Adıvar Caddesi,Konak Belediyesi Hizası,38.39972,27.12812,1,0.16
Kemalpaşa Caddesi,Otogar Köprü Altı,38.42833,27.21501,1,0
Mehmet Akif Caddesi,Kızılçullu Su Kemerleri Hizası,38.39433,27.13802,1,0.01
Atatürk Caddesi,Yeni Buca Mezarlığı Sonrası,38.42265,27.13047,1,0.94
Hasan Ali Yücel Bulvarı,Bostanlı Köprü Kavşak İçi,38.45493,27.09709,1,0.26
Mustafa Kemal Sahil Bulvarı,Hava Eğitim Komutanlığı Önü,38.40172,27.07431,1,0.19
Yeşillik Caddesi,Bozyaka Kavşağı Sonrası,38.38819,27.13461,1,1.26
Haydar Aliyev Bulvarı,Üçkuyular İskele Sonrası,38.40471,27.06908,1,0.02
Gaziler Caddesi,Gıda Çarşısı Kavşak İçi,38.42333,27.16328,1,0.29
Gaziler Caddesi,Ağır Bakım Hizası,38.42592,27.1759,1,0.01
Gazeteci Hasan Tahsin Caddesi,Eşrefpaşa Lisesi Sonrası,38.40336,27.11702,1,1.13
Gaziler Caddesi,Eşrefpaşa Hastanesi Hizası,38.42339,27.16035,1,0.1
Eşrefpaşa Caddesi,İkiçeşmelik Kavşağı Öncesi,38.41432,27.1342,1,0
Halit Rıfat Paşa Caddesi,Konak Tüneli Sonrası,38.41537,27.12828,1,0.18
Anadolu Caddesi,Çiğli Emine Sultan Cami Öncesi,38.4944,27.06168,1,0
Altınyol Caddesi,Turan Köprü,38.4471,27.17144,1,2.9
Atatürk Caddesi,Mimar Kemalettin Anadolu Lisesi Öncesi,38.30293,27.16352,1,0.4
Anadolu Caddesi,Hastane Kavşak İçi,38.43966,27.17231,1,1.46
Fatih Caddesi,3.Sanayi Sitesi,38.44622,27.18124,1,0.17
Anadolu Caddesi,Bayraklı Belediye Hizası,38.46504,27.16332,1,0.01
Kemalpaşa Caddesi,"BMC Kavşak İç,",38.4389,27.25522,1,0.25
Anadolu Caddesi,Çiğli Vergi Dairesi Öncesi,38.4944,27.06168,1,0
Mithatpaşa Caddesi,İstihkam Viyadüğü Altı,38.38614,26.94474,1,0.04
Sakarya Caddesi,Pehlivanoğlu Kavşak İçi,38.45575,27.18148,1,0.09
Homeros Bulvarı,Yeşildere Caddesi Bağlantı Öncesi,38.4025,27.14404,1,0.54
Anadolu Caddesi,Harmandalı Kavşağı Öncesi,38.51897,27.03993,1,1.85
Mehmet Akif Caddesi,Nato Kavşağı Sonrası,38.39343,27.14262,1,0.01
İsmail Sivri Bulvarı,Üçkuyular Meydanı,38.38189,27.17621,1,0.03
Şehitler Caddesi,Halkapınar Aktarma Kavşak İçi,38.43406,27.16854,1,0.08
Gaziler Caddesi,Gıda Çarşısı Hizası,38.42465,27.16868,1,0.42
Yalı Bulvarı,Muammer Aksoy Parkı Hizası,38.45731,27.12486,1,0
Ankara Caddesi,Ege Üniversitesi Hastanesi Yol ayrımı,38.45829,27.20983,1,0.07
Anadolu Caddesi,Naldöken Üst Geçit Hizası,38.46651,27.12936,1,0.01
Mithatpaşa Caddesi,Balçova Viyadük Altı,38.39513,27.05791,1,0.02
Ankara Caddesi,Özkanlar yol Ayrımı,38.45722,27.20501,1,0.32
Caher Dudayev Bulvarı,Karya Evleri Sonrası,38.47842,27.06552,1,0.01
Mithatpaşa Caddesi,Maltepe Kavşak İçi,38.38343,26.9198,1,0.01
Anadolu Caddesi,Yeni Girne Kavşak İçi,38.47043,27.11081,1,0.7
Girne Bulvarı,80. yıl Cumhuriyet Parkı Sonrası,38.46829,27.11029,1,0.06
Mustafa Kemal Sahil Bulvarı,Konak Subay Orduevi Hizası,38.41887,27.12775,1,0.05
Girne Bulvarı,Karşıyaka Atatürk Anıtı Hizası,38.45917,27.10756,1,0.66
Hasan Ali Yücel Bulvarı,Yunuslar Kavşağı Öncesi,38.45479,27.09743,1,0.63
Yüzbaşı İbrahim Hakkı Caddesi,57. Topçu Tugayı Kavşak İçi,38.46963,27.2281,1,0.68
Anadolu Caddesi,Naldöken Yaya Üst Geçit Altı,38.46651,27.12936,1,0.01
Aziz Nesin Bulvarı,Mavişehir İlkokul Hizası,38.47223,27.0741,1,0
Gazi Bulvarı,Halit Ziya Bulvarı Kesişimi,38.4244,27.13481,1,0.19
Haydar Aliyev Caddesi,Folkart Kavşak İçi,38.45476,27.17629,1,0.13
Yeşillik Caddesi,Ptt Hizası,38.40203,27.12938,1,1.67
Yeşillik Caddesi,Buca Köprüsü Sonrası,38.38302,27.13486,1,2.94
Yeşillik Caddesi,Bozyaka Dönüşü,38.38819,27.13461,1,1.26
Yeşildere Caddesi,Bozyaka Dönüşü,38.39198,27.13457,1,1.32
Mithatpaşa Caddesi,Ege Park Kavşak İçi,38.39426,27.05471,1,0.9
Doğuş Caddesi,Çevreyolu Girişi,38.35897,27.22408,1,1.08
Mithatpaşa Caddesi,Güzelyalı Parkı Sonrası,38.39813,27.08322,1,0.07
Aydın Hatboyu Caddesi,Namık Kemal Caddesi Kesişimi,38.40164,27.14504,1,1.83
Gaziler Caddesi,Basmane Gar Kavşak İçi,38.42226,27.14481,1,0
Konak Tüneli,Konak Tüneli Girişi,38.41576,27.12754,1,0.11
Mustafa Kemal Caddesi,Özkanlar Kavşak İçi,38.46112,27.20301,1,0.15
Yahya Kemal Beyatlı Caddesi,Begos Sanayi İçi,38.37849,27.18836,1,0.11
Akçay Caddesi,Aktepe Katılımı,38.35286,27.13357,1,0.02
Gaziler Caddesi,Eşrefpaşa Hastane Hizası,38.42214,27.14348,1,1.95
Mustafa Kemal Sahil Bulvarı,Karantina Alt Geçit İSonrası,38.40839,27.10796,1,0.14
Ankara Caddesi,Naldöken Kavşağı Öncesi,38.45276,27.26592,1,0.07
Altınyol Caddesi,Ankara Caddesi Yol Ayrımı,38.44261,27.17074,1,1.36
Mustafa Kemal Sahil Bulvarı,Karataş Kavşağı Sor,38.41046,27.11886,1,0.01
Kamil Tunca Caddesi,Kartal Durağı Sonrası,38.43231,27.19065,1,0
Halil Rıfat Paşa Caddesi,Bahribaba Otobüs Durağı Hizası,38.41537,27.12828,1,0.09
Çevreyolu,Yeşilova Viyadüğü,38.46551,27.20321,1,2.87
Girne Bulvarı,Yunuslar Hizası,38.45171,27.10401,1,0.04
Yüzbaşı İbrahim Hakkı Caddesi,Smyrna Meydanı,38.46198,27.17164,1,0.12
Altınyol Caddesi,Turan Çıkışı,38.4471,27.17144,1,2.9
Mürselpaşa Bulvarı,Marina Kavşak İçi,38.42392,27.1433,1,0.97
Yeşillik Caddesi,Buca Yol ayrımı,38.38302,27.13486,1,2.94
Eşrefpaşa Caddesi,Arap Camii Öncesi,38.40632,27.12845,1,0.01
Mithatpaşa Caddesi,Mithatpaşa Alt Geçit Çıkışı,38.40693,27.10631,1,0.01
Fevzi Paşa Bulvarı,Çankaya Kavşağı Öncesi,38.42249,27.136,1,0
Kemalpaşa Caddesi,Otogar Kavşağı Öncesi,38.42833,27.21501,1,0
Ankara Caddesi,Hilal Köprü Üstü,38.44619,27.17581,1,2.79
Gazi Bulvarı,Şair Eşref Bulvarı Kesişimi,38.42399,27.14245,1,0.61
Altınyol Caddesi,Bayraklı Alt Geçit Öncesi,38.4471,27.17144,1,1.95
Manas bulvarı,Smyrna Meydanı,38.4611,27.17252,1,0.01
İnönü Caddesi,Üçkuyular Meydanı,38.39575,27.07378,1,0.29
Ege Caddesi,Hava Teknik Okullar Komutanlığı Hizası,38.3099,27.17403,1,1.29
Şair Eşref bulvarı,Montrö Meydanı,38.42844,27.14141,1,0
Mehmet Akif Caddesi,Buca Köprü Öncesi,38.39281,27.14959,1,1.95
Kıbrıs Caddesi,Hasanağa Parkı Hizası,38.38362,27.17719,1,0.19
Mürselpaşa Bulvarı,Basmane Gar Hizası,38.42397,27.14471,1,0.12
Halide Edip Adıvar Caddesi,Osman Öksüz Parkı Sonrası,38.40367,27.12328,1,0.01
Mithatpaşa Caddesi,Mithatpaşa Alt Geçit İçi,38.3419,26.77037,1,0
Sarnıç yolu,Sarnıç Köprü Üstü,38.31154,27.14452,1,0.06
Yeşildere Caddesi,Gaziler Caddesi Katılımı Öncesi,38.41063,27.15508,1,2.94
Halil Rıfat Paşa Caddesi,Bahribaba Otobüs Durakları Hizası,38.41537,27.12828,1,0.09
Altınyol Caddesi,Bayraklı ÜSt geçit Öncesi,38.4471,27.17144,1,1.95
Caher Dudayev Bulvarı,Tay Park Kavşak İçi,38.4751,27.06812,1,0.2
Yeni Girne Bulvarı,Yeni Girne Kavşak İçi,38.49029,27.11477,1,0
Yeşillik Caddesi,Kemer Alt Geçit İçi,38.4021,27.1301,1,2.84
Hasan Ali Yücel Bulvarı,Bostanlı İskele Sonrası,38.45486,27.09682,1,0.02
Önder Caddesi,Gaziemir Belediyesi Hizası,38.3213,27.12694,1,0
Ankara Caddesi,Özkanlar Köprü Üstü,38.45722,27.20501,1,0.32
Ankara Caddesi,Park Bornova Kavşak İçi,38.45816,27.24719,1,0.13
Anadolu Caddesi,Maltepe Kavşağı Öncesi,38.48957,27.06954,1,0.29
Ankara Caddesi,Manavkuyu Ayrımı Öncesi,38.45356,27.19513,1,1.03
Homeros Bulvarı,Gürçeşme Yol Ayrımı Öncesi,38.40404,27.15861,1,0.56
Özmen Caddesi,Çevik Bir Kavşak İçi,38.38323,27.17083,1,0.02
Şair Eşref Bulvarı,Lozan Meydan,38.43102,27.14265,1,0
Mithatpaşa Caddesi,Balçova Kavşağı Öncesi,38.39513,27.05791,1,0.02
Mustafa Kemal Sahil Bulvarı,Güzelyalı Tramvay Durağı Öncesi,38.39849,27.0848,1,0.01
Menderes Caddesi,Buca Heykel Kavşak İçi,38.389,27.17029,1,0.63
Yeşildere Caddesi,Tarihi su Kemerleri Hizası,38.40884,27.14858,1,0
altınyol Caddesi,Bayraklı Belediyesi Hizası,38.4471,27.17144,1,1.95
Atatürk Caddesi,Hava Teknik Okulları Komutanlığı Öncesi,38.29776,27.17618,1,0.3
Gaziler Caddesi,Boğaziçi Kavşak İçi,38.42435,27.16786,1,0.48
Fevzipaşa Bulvarı,Çankaya Metro Durağı Sonrası,38.42249,27.136,1,0
Ankara Caddesi,Ege Üniversitesi Hastanesi Öncesi,38.45829,27.20983,1,0.07
Anadolu Caddesi,Alaybey Ayrımı,38.46588,27.1306,1,0.71
Girne Bulvarı,Yeni Girne Kavşağı Sonrası,38.47033,27.11194,1,0.66
Yeni Girne Bulvarı,Yeni Girne Pazaryeri Sonrası,38.47697,27.11564,1,0.01
Eşrefpaşa Caddesi,Eşrefpaşa Polis Karakolu Hizası,38.4089,27.12877,1,0
Üniversite Caddesi,Ege Üniversitesi Viyadük Üstü,38.45837,27.21615,1,1.11
Gazi Osman Paşa bulvarı,Çankaya Kavşak İçi,38.42346,27.13757,1,0.01
Eşrefpaşa Caddesi,İkiçeşmelik Hizası,38.41432,27.1342,1,0
Eşrefpaşa Caddesi,Yağhaneler Kavşağı Öncesi,38.40203,27.12938,1,0.43
Fatih Caddesi,Stadyum Metro Sonrası,38.44234,27.18017,1,0.04
Gaziosmanpaşa Bulvarı,Çankaya Kavşak İçi,38.42346,27.13757,1,0.01
Fevzipaşa Bulvarı,Basmane Gar Hizası,38.42256,27.14308,1,0.06
Akçay Caddesi,Aktepe Çıkışı,38.35286,27.13357,1,0.02
Anadolu Caddesi,Soğukkuyu Yaya Üst Geçit Sonrası,38.4684,27.12174,1,0.6
Mustafa Kemal Sahil Bulvarı,Güzelyalı KAvşağı Sonrası,38.39849,27.0848,1,0.01
Caher Dudayev Bulvarı,Bilim Müzesi Sonrası,38.47414,27.08221,1,0.01
Kamil Tunca bulvarı,Kartal Durağı Öncesi,38.43231,27.19065,1,0
Gaziler Caddesi,Ege Vergi Dairesi Hizası,38.42266,27.15517,1,0.8
Fevzi Paşa Bulvarı,Tuğba Kuruyemiş Hizası,38.42248,27.13116,1,0.46
Gaziler Caddesi,Basmane Gar hizası,38.42226,27.14481,1,0
Anadolu Caddesi,Adliye Üst Geçit Öncesi,38.44921,27.17233,1,0.67
Konak Tüneli,Konak Tüneli Sonrası,38.41576,27.12754,1,0.11
Mehmet Akif Caddesi,Yeşildere Katılımı Öncesi,38.39412,27.14027,1,1.53
Fevzi Paşa Bulvarı,Basmane Gar hizası,38.42256,27.14308,1,0.06
Girne Bulvarı,Lunapark Kavşak İçi,38.46283,27.10841,1,0.19
Cemal Gürsel Caddesi,Karşıyaka Atatürk Anıtı Hizası,38.45566,27.12088,1,0.11
Anadolu Caddesi,Naldöken Köprü SÖncesi,38.46651,27.12936,1,0.01
Akçay Caddesi,Gaziemir Alt Geçit Öc,38.32582,27.13665,1,0.29
Yalı Bulvarı,Tersane Öncesi,38.46269,27.12808,1,0.01
Şair Eşref Bulvarı,Lozan Kavşağı Öncesi,38.43102,27.14265,1,0
Mustafa Kemal Sahil Bulvarı,Göztepe Tramvay Durağı Öncesi,38.4003,27.09155,1,0.01
Şehitler Caddesi,Halkapınar Köprüsü Sonrası,38.43406,27.16854,1,0.08
Anadolu Caddesi,Turan Bayraklı Çıkışı,38.46735,27.14962,1,0.01
Gaziler Caddesi,Kemer Alt Geçit İ,38.42223,27.1504,1,0
İnönü caddesi,Poligon Metro Hizası,38.39326,27.08483,1,0
Akçay Caddesi,Zafer Payzın Köprü Öncesi,38.33759,27.13368,1,2.46
Caher Dudayev Bulvarı,Atakent Tramvay Durağı Hizası,38.46772,27.08771,1,0.01
Cemal Gürsel Caddesi,Bostanlı İskele Hizası,38.45699,27.09832,1,0.01
Cumhuriyet Bulvarı,Karşıyaka Atatürk Anıtı Hizası,38.44172,27.14362,1,2.58
Anadolu Caddesi,Şemikler Köprü Öncesi,38.4779,27.09604,1,0.28
Anadolu Caddesi,Alaybey Çıkışı,38.46588,27.1306,1,0.71
Kamil Tunca Bulvarı,Kartal Durak Hizası,38.43231,27.19065,1,0
Fevzipaşa Bulvarı,Çankaya Metro Hizası,38.42249,27.136,1,0
Akçay Caddesi,Gaziemir Alt Geçit Öm,38.32582,27.13665,1,0.29
Eşrefpaşa Caddesi,Arap Camii Sonrası,38.40632,27.12845,1,0.01
Yeşillik Caddesi,Aktepe,38.36156,27.13729,1,1.01
Yeşillik Caddesi,Esbaş Alt Geçit İçi,38.36156,27.13729,1,2.73
Girne Bulvarı,Girne Pazar Alanı,38.47033,27.11194,1,0.94
Şehitler Caddesi,Stadyum Hizası,38.43317,27.17978,1,1.02
Mustafa Kemal Sahil Bulvarı,Göztepe Metro Hizası,38.4003,27.09155,1,0.01
Yeşildere Caddesi,Halide Edip Adıvar Caddesi,38.39198,27.13475,1,0.26
Mustafa Kemal Sahil Bulvarı,Konak Tüneli,38.41866,27.12739,1,0.02
Kamil Tunca Bulvarı,1. Sanayi Kavşak İçi,38.43292,27.1807,1,0.34
Cemal Gürsel Caddesi,Bostanlı İskelesi Öncesi,38.45699,27.09832,1,0.01
Atatürk Caddesi,Tekel Meydanı Öncesi,38.43686,27.1476,1,0.07
Mustafa Kemal Sahil Bulvarı,Küçükyalı Tramvay Durağı Hizası,38.40706,27.10161,1,0.08
Mustafa Kemal Sahil Bulvarı,Konak Polis Evi Hizası,38.41887,27.12775,1,0.05
Yeşillik Caddesi,Buca köprü Altı,38.38302,27.13486,1,2.94
Mehmet Akif Caddesi,Buca köprü Altı,38.39281,27.14959,1,1.95
Anadolu Caddesi,Çiğli İtfaiye Kavşak içi,38.4944,27.06168,1,0
Yeşildere Caddesi,Ballıkuyu Katılımı Sonrası,38.41693,27.15518,1,0.43
Hasan Ali Yücel Bulvarı,Bostanlı İskele Kavşak İçi,38.45486,27.09682,1,0.02
Aydınlar Caddesi,Işıkkent Çevreyolu Viyadük Altı,38.42621,27.23365,1,0.23
Kamil Tunca Bulvarı,Otogar Kavşak İçi,38.42759,27.21138,1,0.04
Anadolu Caddesi,Turan Otobüs Duraklar Hizası,38.46735,27.14962,1,0.01
Şehitler Caddesi,Alsancak Meles Ayrımı,38.43818,27.14953,1,0.03
Fevzi Paşa Bulvarı,Alsancak Ayrımı Öncesi,38.42256,27.14308,1,1.77
Yeşildere Caddesi,Ege Üniversitesi Viyadük Üstü,38.42652,27.15225,1,0.42
Anadolu Caddesi,Turan Otobüs Duraklar Sonrası,38.46735,27.14962,1,0.01
İnönü Caddesi,İzmirspor Metro Hizası,38.40173,27.11049,1,0
Fevzi Paşa Bulvarı,Çankaya Kavşağı Sonrası,38.42249,27.136,1,0
Altınyol Caddesi,Turan İzban Hizası,38.4471,27.17144,1,2.9
Liman Caddesi,Alsancak Tramvay Hizası,38.43933,27.14784,1,0.08
Anadolu Caddesi,Naldöken Üst Geçit Altı,38.46651,27.12936,1,0.01
Manas Bulvarı,Adliye Kavşak İçi,38.44995,27.17987,1,0.01
Haydar Aliyev Bulvarı,İnciraltı Caddesi Kesişimi,38.40866,27.03518,1,0
Onat Caddesi,Homeros Kavşak İçi,38.39806,27.15254,1,0.41
Liman Caddesi,Alsancak Gar Öncesi,38.43965,27.14807,1,0.01
Yalı Bulvarı,Bostanlı İskele Hizası,38.45459,27.09749,1,0.01
Özmen Caddesi,Çevikbir Meydanı,38.38323,27.17083,1,0.02
Şehitler Caddesi,Halkapınar Aktarma Öncesi,38.43406,27.16854,1,0.08
Fatih Caddesi,Stadyum Metro Öncesi,38.44234,27.18017,1,0.04
Mustafa Kemal Sahil Bulvarı,Göztepe İskele,38.4003,27.09155,1,0.01
Fevzipaşa bulvarı,Basmane Yol Ayrımı,38.42256,27.14308,1,0.06
Girne Bulvarı,Kareksan Hizası,38.47033,27.11194,1,0.45
Ozan Abay Caddesi,Salhane İzban Hizası,38.45062,27.17265,1,0.03
Caher Dudayev Bulvarı,Memur Kardeşler Camii Hizası,38.47509,27.06854,1,0.08
Mustafa Kemal Sahil Bulvarı,Adnan Saygun Sanat Merkezi,38.40046,27.07748,1,0.15
Kemalpaşa Caddesi,Işıkkent Kavşak İçi,38.43202,27.22784,1,0.01
Altınyol Caddesi,Liman Yol Ayrımı Sonrası,38.44261,27.17074,1,1.4
Ankara Caddesi,Türkan Özilhan Devlet Hastanesi Hizası,38.45792,27.25094,1,0.03
Mithat Paşa Caddesi,Fahrettin Altay Meydanı,38.39696,27.06989,1,0
Yalı Bulvarı,İskele Hizası,38.45594,27.12385,1,2.43
Eşrefpaşa Caddesi,Benzinlik Hizası,38.43167,27.16459,1,2.5
Homeros Bulvarı,Konak Tüneli Sonrası,38.4025,27.14404,1,2.12
Yeşillik Caddesi,Gaziemir Alt Geçit İçi,38.36156,27.13729,1,0.44
Anadolu Caddesi,Turan Köprü Hizası,38.46735,27.14962,1,0.01
Konak Tüneli,Konak tüneli,38.41545,27.12787,1,0.04
Mustafa Kemal Sahil Bulvarı,Konak Viyadük Sonrası,38.41887,27.12775,1,0.05
Cemal Gürsel Caddesi,Nikah Sarayı,38.44999,27.11055,1,0.03
Yeşildere Caddesi,Ballıkuyu Ayrımı Sonrası,38.41693,27.15518,1,0.43
Anadolu Caddesi,Dedebaşı Kavşağı Öncesi,38.4717,27.10852,1,0.01
Ankara Caddesi,Ege Üniversitesi Yol Aryımı,38.46138,27.22944,1,0.19
Mithatpaşa Caddesi,Göztepe Durağı Önü,38.39978,27.09214,1,0.07
Anadolu Caddesi,Karya Evleri Hizası,38.48854,27.07171,1,1.1
Manas Bulvarı,Smyrna Meydanı Öncesi,38.4611,27.17252,1,0.01
Sarnıç Yolu,Sarnıç Köprü Altı,38.31154,27.14452,1,0.06
Nur Sultan Nazarbayev Caddesi,Smyrna Kavşak İçi,38.46175,27.17132,1,0.13
Anadolu Caddesi,Çiğli Evka-5 Kavşak Öncesi,38.4944,27.06168,1,0
Anadolu Caddesi,Smyrna Yol Ayrımı,38.46354,27.1645,1,0.27
Akçay Caddesi,Sarnıç Alt Geçit İ,38.31171,27.143,1,0.15
Mustafa Kemal Sahil Bulvarı,Hava Eğitim Komutanlığı Hizası,38.40172,27.07431,1,0.19
Yeni Girne Bulvarı,Girne Pazaryeri Öncesi,38.47887,27.11538,1,0.01
Anadolu Caddesi,Çiğli Maltepe Işıkları,38.4944,27.06168,1,0
Menderes Caddesi,Şirinyer Kavşak İçi,38.39304,27.14935,1,0
Eşrefpaşa Caddesi,İkiçeşmelik Camii Sonrası,38.41432,27.1342,1,0
Şair Eşref Bulvarı,Lozan Meydanı Öncesi,38.43102,27.14265,1,0
İnönü Caddesi,Göztepe Stadı Sonrası,38.39605,27.09427,1,0.01
Eşrefpaşa Caddesi,İkiçeşmelik Camii Öncesi,38.41432,27.1342,1,0
Yeşillik Caddesi,PTT Hizası,38.40203,27.12938,1,1.67
Cemal Gürsel Caddesi,İskele Hizası,38.45567,27.12095,1,2.58
Gaziler Caddesi,Yeşildere Bağlantı Yolu,38.422,27.1519,1,1.18
Anadolu Caddesi,Evka 5 Köprülü Kavşağı Öncesi,38.50838,27.04728,1,0.46
Akçay Caddesi,Kipa Alt Geçit İçi,38.31769,27.13972,1,0.99
Yeşildere Caddesi,Tarihi Su Kemerleri sonrası,38.40884,27.14858,1,0
Cumhuriyet Bulvarı,Konak Pier Yaya Üst Geçit Altı,38.42248,27.13116,1,0.15
Gaziler Caddesi,Kapılar Kavşak İçi,38.42211,27.15164,1,0
İnönü Caddesi,Fahrettin Altay Meydanı KAvşak İçi,38.39695,27.07004,1,0.01
Hasan Ali Yücel Bulvarı,Bostanlı Pazaryeri Öncesi,38.45493,27.09709,1,0.26
İnönü Caddesi,Poligon Kavşak İçi,38.39326,27.08483,1,0
Caher Dudayev Bulvarı,Mavişehir AVM Hizası,38.47533,27.06773,1,0.01
Anadolu Caddesi,Bayraklı Üst Geçit İÇi,38.46504,27.16332,1,0.01
Şehitler Caddesi,1. Sanayi KAvşak İçi,38.43245,27.17532,1,0.14
Mustafa Kemal Sahil Bulvarı,Karataş Üst Geçit Altı,38.41046,27.11886,1,0.01
Anadolu Caddesi,Zafer Payzın Kavşak İçi,38.44567,27.173,1,0
Mithatpaşa Caddesi,Polis Evi Hizası,38.41282,27.12195,1,0.05
Akçay Caddesi,Migros Alt Geçit Öncesi,38.33629,27.134,1,0.08
Eşrefpaşa Caddesi,Kestelli Lambalar Sonrası,38.4158,27.13503,1,0
Halil Rıfat Paşa Caddesi,Konak Üst Geçit Sonrası,38.41537,27.12828,1,0.18
Ankara Caddesi,Nilüfer KAvşak İçi,38.44794,27.18125,1,1.35
Atatürk Caddesi,Tren Garı Hizası,38.29776,27.17618,1,0.3
Gaziler Caddesi,Kapılar Benzinlik Hizası,38.42211,27.15164,1,0
Anadolu Caddesi,Soğukkuyu Üst Geçit Sonrası,38.4684,27.12174,1,0.6
Anadolu Caddesi,Şemikler Lambalar,38.4779,27.09604,1,0.28
Mustafa Kemal Sahil Bulvarı,Küçükyalı Köprü Durağı Hizası,38.40706,27.10161,1,0.08
Yeşildere Caddesi,Yeşildere Son Durakları Hizası,38.40749,27.14482,1,0
Şair Eşref Bulvarı,Hocazade Cami Önü,38.4337,27.14462,1,0
Gazi Bulvarı,Çankaya Kavşak İçi,38.42402,27.13754,1,0.06
Ankara Caddesi,Hastane Yol Ayrımı,38.44619,27.17581,1,2.18
Mustafa Kemal Sahil Bulvarı,Narlıdere İstihkam Hizası,38.39709,27.00297,1,0.24
Girne Bulvarı,Girne pazaryeri hizası,38.47033,27.11194,1,0.98
Anadolu Caddesi,Bostanlı itfaiye öncesi,38.47005,27.1111,1,1.82
Anadolu Caddesi,Çiğli itfaiye hizası,38.4944,27.06168,1,0
Yeşillik Caddesi,Buca köprü altı,38.38302,27.13486,1,2.94
Kemalpaşa Caddesi,Kokluca Mezarlığı Sonrası,38.42623,27.19263,1,0
Kamil Tunca Caddesi,Yeşilova Kavşağı Öncesi,38.4305,27.1988,1,0.96
Cumhuriyet Bulvarı,Konak Alt Geçit Sonrası,38.42248,27.13116,1,0.15
Yeşildere Caddesi,Alsancak Yol Ayrımı Öncesi,38.42652,27.15225,1,1.29
Gaziler Caddesi,Hastane Hizası,38.42341,27.15982,1,0.92
Nur Sultan Nazarbayev Caddesi,Smyrna Kavşağı Öncesi,38.46175,27.17132,1,0.13
Halide Edip Adıvar Caddesi,Bozyaka Ayrımı Öncesi,38.39749,27.13092,1,1.4
Eski İzmir Caddesi,Bozyaka Hastane Kavşak İçi,38.3895,27.12001,1,0.15
Ankara Caddesi,Özkanlar Köprü Hizası,38.45722,27.20501,1,0.32
Cumhuriyet Bulvarı,Konak Alt Geçit İçi,38.42248,27.13116,1,0.15
Liman Caddesi,Liman C Kapısı Öncesi,38.44025,27.14992,1,0.01
Üniversite Caddesi,Stadyum Kavşağı Öncesi,38.44264,27.18076,1,0.03
Yalı Bulvarı,Naldöken Köprü Öncesi,38.46432,27.12941,1,0.08
Ankara Caddesi,Orkide Yağ Fabrikası Sonrası,38.45414,27.19721,1,0.01
Liman Caddesi,Alsancak Gar Kavşak İçi,38.43965,27.14807,1,0.01
Eşrefpaşa Caddesi,Pazaryeri Girişi,38.41921,27.13683,1,0.41
İnönü Caddesi,Göztepe Güsel Aksel Stadyumu Sonrası,38.39605,27.09427,1,0.01
Mithatpaşa Caddesi,Çağdaş Kavşağı Öncesi,38.39396,27.0456,1,0.01
Mithatpaşa Caddesi,İnciraltı Kavşak İçi,38.3934,27.03445,1,0.03
Ankara Caddesi,Naldöken Köprü Üstü,38.45276,27.26592,1,0.07
Halide Edip Adıvar Caddesi,Yeşildere Caddesi Katılımı Öncesi,38.39746,27.13124,1,1.62
İnönü Caddesi,Fahrettin Altay Kavşak İçi,38.39658,27.07153,1,0.01
Mustafa Kemal Sahil Bulvarı,Karataş Üst Geçit İçi,38.41078,27.11988,1,0.01
Anadolu Caddesi,Serinkuyu Üst Geçit Sonrası,38.47539,27.10287,1,0.01
Gaziler Caddesi,Gıda Çarşısı Kavşağı Sonrası,38.42465,27.16868,1,0.42
Yeşillik Caddesi,Hasan Hüseyinler Alt Geçit Hizası,38.4021,27.1301,1,2.17
Halil Rıfat Paşa Caddesi,Konak Alt Geçit İçi,38.41379,27.12447,1,0.05
Mustafa Kemal Sahil Bulvarı,Konak Pier Köprü Altı,38.41887,27.12775,1,0.05
Mithatpaşa Caddesi,Güzelbahçe 2. Liman,38.37567,26.87552,1,0.02
Ankara Caddesi,Naldöken Köprü Öncesi,38.45276,27.26592,1,0.07
Üniversite Caddesi,Ege Üniversitesi Hastane Kavşak İçi,38.45837,27.21615,1,1.11
Üniversite Caddesi,Bornova Metro Öncesi,38.45831,27.2147,1,0.06
Anadolu Caddesi,Turan Askeriya Öncesi,38.46735,27.14962,1,0.01
Doğuş Caddesi,Kuruçeşme Kavşak İçi,38.3726,27.1941,1,0.1
Ankara Caddesi,Manavkuyu Köprü Öncesi,38.45356,27.19513,1,1.03
Mustafa Kemal Sahil Bulvarı,Göztepe Asman Köprü Sonrası,38.4003,27.09155,1,0.01
Anadolu Caddesi,Dedebaşı Yeni Girne Köprü Öncesi,38.4717,27.10852,1,0.01
Ankara Caddesi,Doğanlar Viyadüğü Üstü,38.45725,27.25085,1,0.63
Fevzipaşa Bulvarı,Konak Pier Hizası,38.42248,27.13116,1,0.15
Mustafa Kemal Sahil Bulvarı,Zafer Payzın Öncesi,38.40604,27.09892,1,0.06
Anadolu Caddesi,Çiğli Çevreyolu Viyadüğü Öncesi,38.4944,27.06168,1,0
Yeşillik Caddesi,Gürçeşme Yol Ayrımı Öncesi,38.39528,27.13526,1,2.32
Anadolu Caddesi,Çiğli Belediyesi Öncesi,38.4944,27.06168,1,0
Gaziler Caddesi,Yeşildere Katılımı,38.422,27.1519,1,1.18
Anadolu Caddesi,Çiğli Maltepe Ayrımı Öncesi,38.4944,27.06168,1,0
Mustafa Kemal Sahil Bulvarı,Karataş Üst Geçit Sonrası,38.41046,27.11886,1,0.01
İnönü Caddesi,Göztepe Stadyumu Hizası,38.39605,27.09427,1,0.01
Mustafa Kemal Sahil Bulvarı,Konak alt Geçit İçi,38.41866,27.12739,1,0.02
Yeşildere Caddesi,Gürçeşme Yol Ayrımı Sonra,38.41037,27.15473,1,0.2
İnönü Caddesi,Göztepe Metro Hizası,38.39605,27.09427,1,0.01
Manas bulvarı,Smyrna Kavşak İçi,38.4611,27.17252,1,0.01
Anadolu Caddesi,Ege Ordu Komutanlığı Hizası,38.43966,27.17231,1,1.89
Anadolu Caddesi,Bayraklı Belediye Önü,38.46504,27.16332,1,0.01
Mustafa Kemal Sahil Bulvarı,Karantina Kavşak İçi,38.40839,27.10796,1,0.14
Anadolu Caddesi,Soğukkuyu Üst Geçit,38.4684,27.12174,1,0.6
Yeşildere Caddesi,Tepecik Köprü Basmane Ayrım Öncesi,38.42168,27.1531,1,0.3
Cevdet Bilsay Caddesi,Soğukkuyu Kavşağı,38.46662,27.11643,1,0.81
Mustafa Kemal Sahil Bulvarı,Güzelyalı Ayrımı Öncesi,38.39849,27.0848,1,0.01
Akçay Caddesi,Sarnıç Üst Geçit Yan Yol,38.31171,27.143,1,0.15
Ankara Caddesi,Çevre Yolu Girişi,38.45649,27.20336,1,0.59
Ankara Caddesi,Ege Üniversitesi Viyadük Bornova Ayrımı,38.46138,27.22944,1,0.19
Şehitler Caddesi,Halkapınar Kavşak Öncesi,38.43406,27.16854,1,0.08
Altınyol Caddesi,Halkapınar Köprü Sonrası,38.44261,27.17074,1,0.77
Gazi Bulvarı,Halit Ziya Bulvarı,38.4244,27.13481,1,0.19
Mustafa Kemal Sahil Bulvarı,Güzelyalı Kavaşak İçi,38.39849,27.0848,1,0.01
Manas Bulvarı,Smyrna Kavşak Öncesi,38.4611,27.17252,1,0.01
Anadolu Caddesi,Çiğli Belediye Binası Hizası,38.4944,27.06168,1,0
Anadolu Caddesi,Soğukkuyu Kavşak Sonrası,38.4684,27.12174,1,0.6
Anadolu Caddesi,Çiğli Maltepe Kavşak İçi,38.4944,27.06168,1,0
Ahmet Piriştina Bulvarı,Tınaztepe Hastanesi Kavşak İçi,38.37002,27.19371,1,0.03
Atatürk Caddesi,Hava Teknik Okullar Komutanlığı Hizası,38.29776,27.17618,1,0.3
Liman Caddesi,Alsancak Gar,38.43965,27.14807,1,0.01
Altınyol Caddesi,Bayraklı Yaya Üst Geçit Altı,38.4471,27.17144,1,1.95
Yeşildere Caddesi,Hilal Köprü Sonrası,38.42652,27.15225,1,0.15
Şehitler Caddesi,Halkapınar Aktarma Köprü Sonrası,38.43406,27.16854,1,0.08
Ankara Caddesi,Özkanlar Üsr Geçit Öncesi,38.45722,27.20501,1,0.32
Üniversite Caddesi,Ege Üniversite Hastane Hizası,38.44264,27.18076,1,2.69
Liman Caddesi,Halkapınar Kavşak Bağlantı,38.44026,27.15672,1,1.18
Mustafa Kemal Sahil Bulvarı,Göztepe Tramvay Durak Sonrası,38.4003,27.09155,1,0.01
Homeros Bulvarı,Konak Tünel Sonrası,38.4025,27.14404,1,2.12
İnciraltı Caddesi,İnciraltı Köprü,38.41006,27.03409,1,0
Yeşildere Caddesi,Hilal Köprü,38.42652,27.15225,1,0.15
Mustafa Kemal Sahil Bulvarı,Köprü Durak Hizası,38.4058,27.09851,1,0.01
Mustafa Kemal Sahil Bulvarı,Küçükyalı Kavlak Öncesi,38.40706,27.10161,1,0.08
Ankara Caddesi,Ege Üniversite Viyadük Üstü,38.44619,27.17581,1,2.59
İnönü Caddesi,Poligon Metro Durağı Öncesi,38.39326,27.08483,1,0
Yeşildere Caddesi,Ballıkuyu Üst Geçit,38.41693,27.15518,1,0.43
Mustafa Kemal Sahil Bulvarı,Köprü Durak Sonrası,38.4058,27.09851,1,0.01
Gaziler Caddesi,Hastane Önü,38.42341,27.15982,1,0.92
Yeşildere Caddesi,Tepecik Köprü Basmane Ayrımı,38.42168,27.1531,1,0.3
Yeşillik Caddesi,Karabağlar Belediye Sonrası,38.38424,27.13463,1,0.15
Anadolu Caddesi,Bayraklı Belediye Öncesi,38.46504,27.16332,1,0.01
Anadolu Caddesi,Turan Otobüs Durak Öncesi,38.46735,27.14962,1,0.01
Akçay Caddesi,Sarnıç Kavşak Yan Yolu,38.31171,27.143,1,0.15
Yeşillik Caddesi,Karabağlar Belediye hizası,38.38424,27.13463,1,0.15
Ankara Caddesi,Özkanlar Köprü Öncesi,38.45722,27.20501,1,0.32
Cumhuriyet Bulvarı,Konak Yaya Üst Geçit Altı,38.42248,27.13116,1,0.15
Halide Edip Adıvar,Bozyaka Ayrım Sonrası,38.39749,27.13092,1,1.4
Anadolu Caddesi,Soğukkuyu Kavşak Girişi,38.4684,27.12174,1,0.6
Anadolu Caddesi,Adnan Kahveci Kavşak İçi,38.46015,27.16655,1,0.03
Anadolu Caddesi,Bayraklı Belediye Sonrası,38.46504,27.16332,1,0.01
Akçay Caddesi,ESBAŞ Alt Geçit Sonrası,38.33674,27.13382,1,0.02
Yeşildere Caddesi,Karabağlar Belediye Öncesi,38.39198,27.13457,1,0.87
Anadolu Caddesi,Ayyıldız Kavşak Sonrası,38.48046,27.09152,1,0.01
Mustafa Kemal Sahil Bulvarı,Köprü Tramvay Durak Hizası,38.4058,27.09851,1,0.01
Altınyol Caddesi,Bayraklı Belediye Öncesi,38.4471,27.17144,1,1.95
Konak Tüneli,Konak Tünel İçi,38.41576,27.12754,1,0.11
Yeşillik Caddesi,Buca Köprü Yol Ayrımı,38.38302,27.13486,1,2.94
Yeşildere Caddesi,Gürçeşme Yol Ayrım Öncesi,38.41037,27.15473,1,0.2
Mustafa Kemal Sahil Bulvarı,Marina Kavşak Sonrası,38.42254,27.13104,1,1.26
Akçay Caddesi,Semt Garajı Kavşak Öncesi,38.35739,27.13539,1,0.06
Yeşildere Caddesi,Mobilya Mağaza Sonrası,38.42637,27.15214,1,1.17
